id,plan_id,city_id,area_id,group_id,tdate,span_id,station_id,station_center_point,block_id,target_bike_cnt,bike_num,predict_in,dispatch_num,efficiency,profit_order,in_bike_cnt,explore_target_bike_cnt,max_capacity,min_capacity,status,create_time,update_time
7468867,18418,360,1,216,20220902,20,184834,118.10352664973|36.953732153976,8b30a40698d3fff,1,0,1,0,0,0.537957,0,0,0,0,1,2022/9/2 9:00,2022/9/2 9:00
7468868,18418,360,1,216,20220902,20,184835,118.10095714593278|36.95393861280027,8b30a4069898fff,5,4,2,0,0,1.17555,7,6,0,0,1,2022/9/2 9:00,2022/9/2 9:00
7468869,18418,360,1,216,20220902,20,184833,118.10430817552|36.953660056038,8b30a40698dafff,2,1,1,0,0,1.13111,1,5,0,0,1,2022/9/2 9:00,2022/9/2 9:00
7468870,18418,360,1,216,20220902,20,153095,118.12446615117|36.970395745119,8b30a4a9bd06fff,1,1,0,0,0,0.400259,4,0,0,0,1,2022/9/2 9:00,2022/9/2 9:00
7468871,18418,360,1,216,20220902,20,35333,118.11166529765|36.964322593158,8b30a4a9a085fff,6,3,5,0,0,1.37879,9,6,0,0,1,2022/9/2 9:00,2022/9/2 9:00
7468872,18418,360,1,216,20220902,20,55813,118.11627360492|36.965984198439,8b30a4a9a040fff,3,11,1,0,0,0.914715,4,4,0,0,1,2022/9/2 9:00,2022/9/2 9:00
7468873,18418,360,1,216,20220902,20,55814,118.11324631535|36.966809580936,8b30a4a9a02efff,2,0,1,0,0,1.16141,0,5,0,0,1,2022/9/2 9:00,2022/9/2 9:00
7468874,18418,360,1,216,20220902,20,55815,118.10835055032|36.957762319212,8b30a4069b23fff,3,0,1,0,0,1.18932,0,5,0,0,1,2022/9/2 9:00,2022/9/2 9:00
7468875,18418,360,1,216,20220902,20,135696,118.0808758763|36.942141526601,8b30a406ab61fff,0,0,0,0,0,0,0,0,0,0,1,2022/9/2 9:00,2022/9/2 9:00
7468876,18418,360,1,216,20220902,20,35346,118.11335411201|36.975711604558,8b30a4a984a2fff,4,0,2,0,0,0.706414,1,0,0,0,1,2022/9/2 9:00,2022/9/2 9:00
7468877,18418,360,1,216,20220902,20,35347,118.10033766517|36.976435974051,8b30a4a9e620fff,5,9,3,0,0,0.794813,1,3,0,0,1,2022/9/2 9:00,2022/9/2 9:00
7468878,18418,360,1,216,20220902,20,147473,118.10746122786|36.958825699047,8b30a4a9a48afff,0,0,0,0,0,0,0,0,0,0,1,2022/9/2 9:00,2022/9/2 9:00
7468879,18418,360,1,216,20220902,20,135697,118.10288885282|36.949146588094,8b30a40690a6fff,1,0,1,0,0,0.662878,0,0,0,0,1,2022/9/2 9:00,2022/9/2 9:00
7468880,18418,360,1,216,20220902,20,35348,118.09285028874|36.974774598895,8b30a4a9e4d6fff,3,2,1,0,0,1.12042,1,5,0,0,1,2022/9/2 9:00,2022/9/2 9:00
7468881,18418,360,1,216,20220902,20,35349,118.09263469542|36.969638880437,8b30a406db9bfff,9,0,3,0,0,1.37819,2,10,0,0,1,2022/9/2 9:00,2022/9/2 9:00
7468882,18418,360,1,216,20220902,20,35350,118.09284579722|36.966611345799,8b30a406d044fff,3,0,2,0,0,0.956173,0,5,0,0,1,2022/9/2 9:00,2022/9/2 9:00
7468883,18418,360,1,216,20220902,20,35351,118.08750537096|36.964877667099,8b30a406d0a6fff,11,1,4,0,0,1.40633,3,13,0,0,1,2022/9/2 9:00,2022/9/2 9:00
7468884,18418,360,1,216,20220902,20,448030,118.06251412260477|36.96876399428544,8b30a406cc69fff,0,0,0,0,0,0,0,0,0,0,1,2022/9/2 9:00,2022/9/2 9:00
7468885,18418,360,1,216,20220902,20,61465,118.09535656112|36.957221611863,8b30a406d6c0fff,3,5,2,0,0,1.02381,1,5,0,0,1,2022/9/2 9:00,2022/9/2 9:00
7468886,18418,360,1,216,20220902,20,448031,118.06200575585721|36.9689011094683,8b30a406cc6cfff,1,0,0,0,0,0.994606,0,5,0,0,1,2022/9/2 9:00,2022/9/2 9:00
7468887,18418,360,1,216,20220902,20,153115,118.11037173772|36.971275140263,8b30a4a9a8f4fff,1,0,1,0,0,0.927757,0,5,0,0,1,2022/9/2 9:00,2022/9/2 9:00
7468888,18418,360,1,216,20220902,20,153112,118.10604190516|36.974320507349,8b30a4a9a9a5fff,1,0,0,0,0,0.610755,0,0,0,0,1,2022/9/2 9:00,2022/9/2 9:00
7468889,18418,360,1,216,20220902,20,160280,118.07906579069|36.961186709157,8b30a406c2c8fff,4,1,1,0,0,1.65964,0,5,0,0,1,2022/9/2 9:00,2022/9/2 9:00
7468890,18418,360,1,216,20220902,20,448028,118.06452599999993|36.96445893669864,8b30a406c19bfff,0,1,0,0,0,0.19661,0,0,0,0,1,2022/9/2 9:00,2022/9/2 9:00
7468891,18418,360,1,216,20220902,20,448029,118.06419599999992|36.96862693706127,8b30a406c122fff,0,0,0,0,0,0,0,0,0,0,1,2022/9/2 9:00,2022/9/2 9:00
7468892,18418,360,1,216,20220902,20,153113,118.10959919498|36.971343617311,8b30a4a9a8a9fff,3,4,1,0,0,0.743581,4,5,0,0,1,2022/9/2 9:00,2022/9/2 9:00
7468893,18418,360,1,216,20220902,20,35356,118.09286825486|36.96221039136,8b30a406d770fff,3,0,2,0,0,1.06474,1,5,0,0,1,2022/9/2 9:00,2022/9/2 9:00
7468894,18418,360,1,216,20220902,20,160286,118.10537715908|36.960364869737,8b30a4a9a4a6fff,2,3,1,0,0,0.898251,1,5,0,0,1,2022/9/2 9:00,2022/9/2 9:00
7468895,18418,360,1,216,20220902,20,35357,118.08938282948|36.960718117602,8b30a406d7a5fff,1,2,1,0,0,1.13578,1,5,0,0,1,2022/9/2 9:00,2022/9/2 9:00
7468896,18418,360,1,216,20220902,20,448027,118.08059658131552|36.96508114045606,8b30a406dc98fff,2,1,1,0,0,0.9808,1,5,0,0,1,2022/9/2 9:00,2022/9/2 9:00
7468897,18418,360,1,216,20220902,20,35358,118.09521732376|36.960563121306,8b30a406d666fff,7,6,2,0,0,1.837,11,8,0,0,1,2022/9/2 9:00,2022/9/2 9:00
7468898,18418,360,1,216,20220902,20,153117,118.11431529891|36.968795507992,8b30a4a9a16afff,1,0,1,0,0,0.829674,0,5,0,0,1,2022/9/2 9:00,2022/9/2 9:00
7468899,18418,360,1,216,20220902,20,448025,118.08291671271726|36.96511107493183,8b30a406dcd3fff,4,5,2,0,0,0.854132,3,5,0,0,1,2022/9/2 9:00,2022/9/2 9:00
7468900,18418,360,1,216,20220902,20,448038,118.0536127950916|36.969299174646224,8b30a4061a4afff,0,0,0,0,0,0,0,0,0,0,1,2022/9/2 9:00,2022/9/2 9:00
7468901,18418,360,1,216,20220902,20,448039,118.05073032239237|36.96929030202152,8b30a4061a0bfff,0,0,0,0,0,0,0,0,0,0,1,2022/9/2 9:00,2022/9/2 9:00
7468902,18418,360,1,216,20220902,20,448036,118.05695268828354|36.96914235541642,8b30a406cd19fff,1,0,0,0,0,0,0,0,0,0,1,2022/9/2 9:00,2022/9/2 9:00
7468903,18418,360,1,216,20220902,20,35362,118.08706969279|36.95736219616,8b30a4068b76fff,20,0,5,0,0,1.77198,0,20,0,0,1,2022/9/2 9:00,2022/9/2 9:00
7468904,18418,360,1,216,20220902,20,448037,118.05499116863432|36.96923107848246,8b30a406cd12fff,0,0,0,0,0,0,0,0,0,0,1,2022/9/2 9:00,2022/9/2 9:00
7468905,18418,360,1,216,20220902,20,35363,118.09253588182|36.952596603473,8b30a4069d86fff,2,0,1,0,0,0.938341,0,5,0,0,1,2022/9/2 9:00,2022/9/2 9:00
7468906,18418,360,1,216,20220902,20,448035,118.05808203198825|36.969080343759025,8b30a406cc21fff,0,0,0,0,0,0,0,0,0,0,1,2022/9/2 9:00,2022/9/2 9:00
7468907,18418,360,1,216,20220902,20,222246,118.0950701897919|36.96527620151088,8b30a406d3a5fff,5,2,6,0,0,1.59393,0,5,0,0,1,2022/9/2 9:00,2022/9/2 9:00
7468908,18418,360,1,216,20220902,20,764462,118.07568999999992|36.95137893556749,8b30a4068c52fff,1,0,0,0,0,0.534203,1,0,0,0,1,2022/9/2 9:00,2022/9/2 9:00
7468909,18418,360,1,216,20220902,20,159271,118.07496951757|36.928612672781,8b30a406a713fff,1,7,0,0,0,0.441632,6,0,0,0,1,2022/9/2 9:00,2022/9/2 9:00
7468910,18418,360,1,216,20220902,20,61477,118.12056750526|36.970799403179,8b30a4a9aa73fff,3,0,0,0,0,1.58084,0,5,0,0,1,2022/9/2 9:00,2022/9/2 9:00
7468911,18418,360,1,216,20220902,20,764461,118.08219499999993|36.951326935562996,8b30a4068021fff,3,3,5,0,0,0.956007,2,5,0,0,1,2022/9/2 9:00,2022/9/2 9:00
7468912,18418,360,1,216,20220902,20,448032,118.06055459622537|36.968949886469716,8b30a406cc66fff,0,0,0,0,0,0.202455,0,0,0,0,1,2022/9/2 9:00,2022/9/2 9:00
7468913,18418,360,1,216,20220902,20,35366,118.11252317941|36.965908507874,8b30a4a9a002fff,5,1,2,0,0,1.00089,4,6,0,0,1,2022/9/2 9:00,2022/9/2 9:00
7468914,18418,360,1,216,20220902,20,448033,118.05901527485238|36.96892290325189,8b30a406cc2dfff,0,0,0,0,0,0.312384,0,0,0,0,1,2022/9/2 9:00,2022/9/2 9:00
7468915,18418,360,1,216,20220902,20,35367,118.11797140233|36.961586811966,8b30a4a9a74cfff,6,6,1,0,0,0.983213,6,7,0,0,1,2022/9/2 9:00,2022/9/2 9:00
7468916,18418,360,1,216,20220902,20,764460,118.08751799999993|36.95101193553589,8b30a4068335fff,1,0,1,0,0,0.605503,0,0,0,0,1,2022/9/2 9:00,2022/9/2 9:00
7468917,18418,360,1,216,20220902,20,61479,118.10157732677|36.949723404144,8b30a4069191fff,4,0,1,0,0,1.28733,0,5,0,0,1,2022/9/2 9:00,2022/9/2 9:00
7468918,18418,360,1,216,20220902,20,35368,118.11642182533|36.959589881398,8b30a4a9a605fff,2,17,1,0,0,0.821555,1,5,0,0,1,2022/9/2 9:00,2022/9/2 9:00
7468919,18418,360,1,216,20220902,20,448046,118.04665980983305|36.9713918252586,8b30a4061b11fff,0,0,0,0,0,0,0,0,0,0,1,2022/9/2 9:00,2022/9/2 9:00
7468920,18418,360,1,216,20220902,20,61480,118.10446987052|36.949658512558,8b30a4069010fff,2,1,1,0,0,1.10384,0,5,0,0,1,2022/9/2 9:00,2022/9/2 9:00
7468921,18418,360,1,216,20220902,20,448047,118.04822553548276|36.9712980440034,8b30a4061b19fff,0,0,0,0,0,0,0,0,0,0,1,2022/9/2 9:00,2022/9/2 9:00
7468922,18418,360,1,216,20220902,20,448044,118.0442032448449|36.97163960188042,8b30a4061843fff,0,0,0,0,0,0,0,0,0,0,1,2022/9/2 9:00,2022/9/2 9:00
7468923,18418,360,1,216,20220902,20,129579,118.11508335012|36.954885711617,8b30a4069a4dfff,1,1,0,0,0,0.506076,0,0,0,0,1,2022/9/2 9:00,2022/9/2 9:00
7468924,18418,360,1,216,20220902,20,35370,118.10767116122891|36.95699242589689,8b30a4069b15fff,2,0,3,0,0,1.30579,3,5,0,0,1,2022/9/2 9:00,2022/9/2 9:00
7468925,18418,360,1,216,20220902,20,35371,118.10542207435986|36.9531083759829,8b30a4069171fff,14,6,16,0,0,1.07476,3,16,0,0,1,2022/9/2 9:00,2022/9/2 9:00
7468926,18418,360,1,216,20220902,20,448045,118.04539116191998|36.97156592313504,8b30a406184bfff,0,1,0,0,0,0,0,0,0,0,1,2022/9/2 9:00,2022/9/2 9:00
7468927,18418,360,1,216,20220902,20,448042,118.04547299999993|36.969544937141286,8b30a4061b95fff,0,0,0,0,0,0,0,0,0,0,1,2022/9/2 9:00,2022/9/2 9:00
7468928,18418,360,1,216,20220902,20,129580,118.11736504611|36.954438706705,8b30a4334d03fff,3,0,2,0,0,1.22698,0,5,0,0,1,2022/9/2 9:00,2022/9/2 9:00
7468929,18418,360,1,216,20220902,20,448043,118.04260364202194|36.97172164054436,8b30a4061854fff,0,0,0,0,0,0,0,0,0,0,1,2022/9/2 9:00,2022/9/2 9:00
7468930,18418,360,1,216,20220902,20,448040,118.0498144809987|36.96934255310197,8b30a4061a1dfff,0,0,0,0,0,0,0,0,0,0,1,2022/9/2 9:00,2022/9/2 9:00
7468931,18418,360,1,216,20220902,20,448041,118.04761911696977|36.96943160413791,8b30a4061b8bfff,0,0,0,0,0,0,0,0,0,0,1,2022/9/2 9:00,2022/9/2 9:00
7468932,18418,360,1,216,20220902,20,448054,118.05788936156522|36.970818344157216,8b30a406cd75fff,0,0,0,0,0,0,0,0,0,0,1,2022/9/2 9:00,2022/9/2 9:00
7468933,18418,360,1,216,20220902,20,35376,118.10007266505|36.949845976987,8b30a4069ccbfff,4,2,2,0,0,1.84827,1,5,0,0,1,2022/9/2 9:00,2022/9/2 9:00
7468934,18418,360,1,216,20220902,20,448055,118.05840152646928|36.97078785379373,8b30a406cd62fff,0,0,0,0,0,0,0,0,0,0,1,2022/9/2 9:00,2022/9/2 9:00
7468935,18418,360,1,216,20220902,20,151091,118.10573648129|36.963082672987,8b30a4a9a518fff,4,1,1,0,0,1.48628,3,5,0,0,1,2022/9/2 9:00,2022/9/2 9:00
7468936,18418,360,1,216,20220902,20,181299,118.09925520703|36.965122763384,8b30a406d353fff,1,0,0,0,0,0.654322,0,0,0,0,1,2022/9/2 9:00,2022/9/2 9:00
7468937,18418,360,1,216,20220902,20,173104,118.11934580976|36.953782622491,8b30a4334d52fff,2,0,0,0,0,0.337969,0,0,0,0,1,2022/9/2 9:00,2022/9/2 9:00
7468938,18418,360,1,216,20220902,20,448053,118.05603955114888|36.970887103784776,8b30a406cd2efff,0,0,0,0,0,0,0,0,0,0,1,2022/9/2 9:00,2022/9/2 9:00
7468939,18418,360,1,216,20220902,20,764472,118.09317299999992|36.957515936096904,8b30a406d6abfff,1,1,1,0,0,0.921033,0,5,0,0,1,2022/9/2 9:00,2022/9/2 9:00
7468940,18418,360,1,216,20220902,20,35380,118.0988105458|36.954420685827,8b30a4069d4bfff,7,1,3,0,0,1.44306,2,8,0,0,1,2022/9/2 9:00,2022/9/2 9:00
7468941,18418,360,1,216,20220902,20,448050,118.05432767235571|36.97111158648109,8b30a4a9269bfff,0,0,0,0,0,0.0941087,0,0,0,0,1,2022/9/2 9:00,2022/9/2 9:00
7468942,18418,360,1,216,20220902,20,169527,118.09256732251|36.973268157705,8b30a406db06fff,2,0,1,0,0,1.3341,0,5,0,0,1,2022/9/2 9:00,2022/9/2 9:00
7468943,18418,360,1,216,20220902,20,181300,118.1019632729888|36.96538427221872,8b30a4a9ac92fff,2,0,1,0,0,1.08204,0,5,0,0,1,2022/9/2 9:00,2022/9/2 9:00
7468944,18418,360,1,216,20220902,20,35382,118.09785385044|36.956944047267,8b30a4069995fff,1,6,2,0,0,0.732075,1,0,0,0,1,2022/9/2 9:00,2022/9/2 9:00
7468945,18418,360,1,216,20220902,20,448048,118.05097616168584|36.97116609821276,8b30a4061b58fff,0,0,0,0,0,0,0,0,0,0,1,2022/9/2 9:00,2022/9/2 9:00
7468946,18418,360,1,216,20220902,20,448049,118.05215715330276|36.97098363644481,8b30a4061a60fff,1,0,0,0,0,0.512696,0,0,0,0,1,2022/9/2 9:00,2022/9/2 9:00
7468947,18418,360,1,216,20220902,20,764467,118.08405755304813|36.952003251542685,8b30a406814afff,2,11,3,0,0,0.751179,4,5,0,0,1,2022/9/2 9:00,2022/9/2 9:00
7468948,18418,360,1,216,20220902,20,62520,118.09528020515|36.954644186958,8b30a4069d08fff,13,1,3,0,0,1.76914,2,14,0,0,1,2022/9/2 9:00,2022/9/2 9:00
7468949,18418,360,1,216,20220902,20,169531,118.07275968601|36.971916659764,8b30a406cb53fff,10,0,2,0,0,1.31417,1,11,0,0,1,2022/9/2 9:00,2022/9/2 9:00
7468950,18418,360,1,216,20220902,20,448063,118.058478313303|36.9725444106373,8b30a4a926cdfff,0,0,0,0,0,0,0,0,0,0,1,2022/9/2 9:00,2022/9/2 9:00
7468951,18418,360,1,216,20220902,20,764466,118.08414037900278|36.95447489283204,8b30a4068b82fff,4,1,2,0,0,1.5219,0,5,0,0,1,2022/9/2 9:00,2022/9/2 9:00
7468952,18418,360,1,216,20220902,20,169528,118.07769138326|36.975084532825,8b30a4a93600fff,6,0,1,0,0,1.09594,2,7,0,0,1,2022/9/2 9:00,2022/9/2 9:00
7468953,18418,360,1,216,20220902,20,448060,118.06412616076571|36.97048480499752,8b30a406c8f2fff,0,0,0,0,0,0,0,0,0,0,1,2022/9/2 9:00,2022/9/2 9:00
7468954,18418,360,1,216,20220902,20,448061,118.0582299469288|36.97132146320963,8b30a406cd66fff,0,0,0,0,0,0,0,0,0,0,1,2022/9/2 9:00,2022/9/2 9:00
7468955,18418,360,1,216,20220902,20,764464,118.07950099999992|36.95336293573838,8b30a4068120fff,2,0,0,0,0,1.04962,0,5,0,0,1,2022/9/2 9:00,2022/9/2 9:00
7468956,18418,360,1,216,20220902,20,448058,118.06047748921917|36.97067874184667,8b30a406c8b6fff,0,0,0,0,0,0,0,0,0,0,1,2022/9/2 9:00,2022/9/2 9:00
7468957,18418,360,1,216,20220902,20,35388,118.09839283374|36.962563630589,8b30a406d2adfff,3,5,1,0,0,1.11879,1,5,0,0,1,2022/9/2 9:00,2022/9/2 9:00
7468958,18418,360,1,216,20220902,20,448059,118.06171299999993|36.97078993724987,8b30a406c8b1fff,0,0,0,0,0,0,0,0,0,0,1,2022/9/2 9:00,2022/9/2 9:00
7468959,18418,360,1,216,20220902,20,35390,118.0984512236|36.97013985361,8b30a406da51fff,4,0,1,0,0,1.20612,0,5,0,0,1,2022/9/2 9:00,2022/9/2 9:00
7468960,18418,360,1,216,20220902,20,169533,118.07637087416|36.969938023086,8b30a406ca5dfff,4,3,1,0,0,1.48266,2,5,0,0,1,2022/9/2 9:00,2022/9/2 9:00
7468961,18418,360,1,216,20220902,20,35391,118.09745410448|36.971686001695,8b30a406da66fff,4,3,2,0,0,1.05878,2,5,0,0,1,2022/9/2 9:00,2022/9/2 9:00
7468962,18418,360,1,216,20220902,20,35392,118.09847368124|36.97446826761,8b30a4a9e799fff,5,0,2,0,0,1.07895,0,6,0,0,1,2022/9/2 9:00,2022/9/2 9:00
7468963,18418,360,1,216,20220902,20,35393,118.10574097281|36.973970927088,8b30a4a9a9a0fff,8,11,6,0,0,1.21241,6,10,0,0,1,2022/9/2 9:00,2022/9/2 9:00
7468964,18418,360,1,216,20220902,20,35394,118.11326428146|36.971058896506,8b30a4a9abb6fff,4,7,2,0,0,1.20029,6,5,0,0,1,2022/9/2 9:00,2022/9/2 9:00
7468965,18418,360,1,216,20220902,20,35396,118.1138571631|36.968395443395,8b30a4a9a140fff,2,1,0,0,0,0.94737,0,5,0,0,1,2022/9/2 9:00,2022/9/2 9:00
7468966,18418,360,1,216,20220902,20,448066,118.05953030091007|36.97816097496205,8b30a4a922acfff,0,0,0,0,0,0,0,0,0,0,1,2022/9/2 9:00,2022/9/2 9:00
7468967,18418,360,1,216,20220902,20,61509,118.08018867257994|36.95440258632405,8b30a40688d5fff,1,2,1,0,0,0.659865,1,0,0,0,1,2022/9/2 9:00,2022/9/2 9:00
7468968,18418,360,1,216,20220902,20,35397,118.1035221582|36.965447154303,8b30a4a9ac9dfff,2,0,4,0,0,1.20537,1,5,0,0,1,2022/9/2 9:00,2022/9/2 9:00
7468969,18418,360,1,216,20220902,20,35398,118.10578139656|36.96707990077,8b30a4a9ace0fff,3,0,2,0,0,1.2326,1,5,0,0,1,2022/9/2 9:00,2022/9/2 9:00
7468970,18418,360,1,216,20220902,20,448064,118.05882838267019|36.9742308723317,8b30a4a9265dfff,0,0,0,0,0,0,0,0,0,0,1,2022/9/2 9:00,2022/9/2 9:00
7468971,18418,360,1,216,20220902,20,35399,118.10576343045|36.962419451512,8b30a4a9a434fff,9,9,2,0,0,1.45587,8,8,0,0,1,2022/9/2 9:00,2022/9/2 9:00
7468972,18418,360,1,216,20220902,20,448065,118.05921380277013|36.976233286518244,8b30a4a9229efff,0,1,0,0,0,0,0,0,0,0,1,2022/9/2 9:00,2022/9/2 9:00
7468973,18418,360,1,216,20220902,20,448078,118.05161545820098|36.9669693719628,8b30a4061adcfff,0,0,0,0,0,0,0,0,0,0,1,2022/9/2 9:00,2022/9/2 9:00
7468974,18418,360,1,216,20220902,20,61513,118.10773071952|36.97123909968,8b30a4a9a8b1fff,3,1,2,0,0,1.1018,0,5,0,0,1,2022/9/2 9:00,2022/9/2 9:00
7468975,18418,360,1,216,20220902,20,448079,118.05150838604837|36.96583967931312,8b30a406132bfff,0,0,0,0,0,0,0,0,0,0,1,2022/9/2 9:00,2022/9/2 9:00
7468976,18418,360,1,216,20220902,20,35401,118.1033424971|36.960609980676,8b30a406996cfff,6,0,3,0,0,1.49109,0,7,0,0,1,2022/9/2 9:00,2022/9/2 9:00
7468977,18418,360,1,216,20220902,20,61514,118.10572749823|36.968936070707,8b30a4a9ac76fff,8,2,4,0,0,0.824872,3,7,0,0,1,2022/9/2 9:00,2022/9/2 9:00
7468978,18418,360,1,216,20220902,20,448076,118.05193609257391|36.96861815696225,8b30a4061aecfff,0,0,0,0,0,0,0,0,0,0,1,2022/9/2 9:00,2022/9/2 9:00
7468979,18418,360,1,216,20220902,20,448077,118.05187616316782|36.96776124514188,8b30a4061ac1fff,0,0,0,0,0,0,0,0,0,0,1,2022/9/2 9:00,2022/9/2 9:00
7468980,18418,360,1,216,20220902,20,61515,118.09452562852|36.971664377465,8b30a406da22fff,7,1,3,0,0,0.864949,1,7,0,0,1,2022/9/2 9:00,2022/9/2 9:00
7468981,18418,360,1,216,20220902,20,35403,118.10578588809|36.958050694881,8b30a406986cfff,2,1,1,0,0,1.31918,0,5,0,0,1,2022/9/2 9:00,2022/9/2 9:00
7468982,18418,360,1,216,20220902,20,448074,118.04989509420851|36.971192457666604,8b30a4061b53fff,0,0,0,0,0,0,0,0,0,0,1,2022/9/2 9:00,2022/9/2 9:00
7468983,18418,360,1,216,20220902,20,35404,118.11292292537|36.955563418513,8b30a4069a75fff,7,7,3,0,0,1.02012,0,6,0,0,1,2022/9/2 9:00,2022/9/2 9:00
7468984,18418,360,1,216,20220902,20,448075,118.05203133618951|36.96951329367891,8b30a4061a55fff,0,0,0,0,0,0,0,0,0,0,1,2022/9/2 9:00,2022/9/2 9:00
7468985,18418,360,1,216,20220902,20,62543,118.08680020114|36.954925364861,8b30a4068a33fff,1,0,0,0,0,0.725339,0,1,0,0,1,2022/9/2 9:00,2022/9/2 9:00
7468986,18418,360,1,216,20220902,20,35413,118.07606095876|36.93163812514,8b30a406a0d5fff,4,3,4,0,0,0.94878,3,5,0,0,1,2022/9/2 9:00,2022/9/2 9:00
7468987,18418,360,1,216,20220902,20,448080,118.05141348596503|36.96453456231405,8b30a4061319fff,1,0,0,0,0,0.219425,0,0,0,0,1,2022/9/2 9:00,2022/9/2 9:00
7468988,18418,360,1,216,20220902,20,62550,118.09923274939|36.949918078566,8b30a4069ccefff,3,2,3,0,0,1.40754,1,5,0,0,1,2022/9/2 9:00,2022/9/2 9:00
7468989,18418,360,1,216,20220902,20,62552,118.10578139656|36.952798480369,8b30a4069144fff,3,3,1,0,0,1.31012,3,5,0,0,1,2022/9/2 9:00,2022/9/2 9:00
7468990,18418,360,1,216,20220902,20,35416,118.08464426791|36.954813614781,8b30a4068b81fff,3,1,1,0,0,1.30152,0,5,0,0,1,2022/9/2 9:00,2022/9/2 9:00
7468991,18418,360,1,216,20220902,20,62553,118.10497292159985|36.95236936261256,8b30a4069154fff,2,0,1,0,0,0.932608,1,5,0,0,1,2022/9/2 9:00,2022/9/2 9:00
7468992,18418,360,1,216,20220902,20,62554,118.10906021167|36.955783311478,8b30a4069b1bfff,2,3,1,0,0,1.44116,1,5,0,0,1,2022/9/2 9:00,2022/9/2 9:00
7468993,18418,360,1,216,20220902,20,35419,118.08262757204|36.961013691075,8b30a406d58bfff,5,2,4,0,0,0.687132,2,0,0,0,1,2022/9/2 9:00,2022/9/2 9:00
7468994,18418,360,1,216,20220902,20,154206,118.10157732677|36.967461951132,8b30a4a9ad99fff,2,4,1,0,0,0.810613,3,0,0,0,1,2022/9/2 9:00,2022/9/2 9:00
7468995,18418,360,1,216,20220902,20,186975,118.09849613888|36.952816505052,8b30a4069c70fff,7,24,7,0,0,0.969878,11,8,0,0,1,2022/9/2 9:00,2022/9/2 9:00
7468996,18418,360,1,216,20220902,20,99934,118.10957673734|36.962624900342,8b30a4a9a466fff,0,0,0,0,0,0,0,0,0,0,1,2022/9/2 9:00,2022/9/2 9:00
7468997,18418,360,1,216,20220902,20,421990,118.11131579202119|36.96509831212308,8b30a4a9a0a5fff,2,0,1,0,0,0.778691,0,5,0,0,1,2022/9/2 9:00,2022/9/2 9:00
7468998,18418,360,1,216,20220902,20,151139,118.10601495599|36.966099536275,8b30a4a9acc2fff,1,0,0,0,0,0,0,0,0,0,1,2022/9/2 9:00,2022/9/2 9:00
7468999,18418,360,1,216,20220902,20,421991,118.11071503341269|36.96528118065986,8b30a4a9a0a4fff,8,14,4,0,0,0.914894,13,7,0,0,1,2022/9/2 9:00,2022/9/2 9:00
7469000,18418,360,1,216,20220902,20,309864,118.10047399999993|36.96762293697384,8b30a4a9ad93fff,0,0,0,0,0,0,0,0,0,0,1,2022/9/2 9:00,2022/9/2 9:00
7469001,18418,360,1,216,20220902,20,421992,118.10795846767087|36.96514784453146,8b30a4a9a565fff,2,1,1,0,0,0.843007,0,5,0,0,1,2022/9/2 9:00,2022/9/2 9:00
7469002,18418,360,1,216,20220902,20,172659,118.09291766166|36.980497356948,8b30a4a9e563fff,3,4,2,0,0,1.1635,0,5,0,0,1,2022/9/2 9:00,2022/9/2 9:00
7469003,18418,360,1,216,20220902,20,61555,118.09759334184|36.960649630913,8b30a406d29efff,4,6,1,0,0,1.57271,3,5,0,0,1,2022/9/2 9:00,2022/9/2 9:00
7469004,18418,360,1,216,20220902,20,152694,118.1194176742|36.97083183988,8b30a4a9aa2bfff,1,0,1,0,0,0.829679,0,5,0,0,1,2022/9/2 9:00,2022/9/2 9:00
7469005,18418,360,1,216,20220902,20,152695,118.1187169959|36.970849860285,8b30a4a9aa01fff,1,0,1,0,0,0.652254,0,0,0,0,1,2022/9/2 9:00,2022/9/2 9:00
7469006,18418,360,1,216,20220902,20,183412,118.11425690905|36.975880985123,8b30a4a984aefff,1,2,0,0,0,0.409149,1,0,0,0,1,2022/9/2 9:00,2022/9/2 9:00
7469007,18418,360,1,216,20220902,20,35447,118.08854740535|36.977052223195,8b30a4a9e591fff,4,4,1,0,0,1.29937,0,5,0,0,1,2022/9/2 9:00,2022/9/2 9:00
7469008,18418,360,1,216,20220902,20,614004,118.07930568052444|36.95253168201634,8b30a4068106fff,1,0,0,0,0,0.228738,0,0,0,0,1,2022/9/2 9:00,2022/9/2 9:00
7469009,18418,360,1,216,20220902,20,151679,118.09255833945|36.967346615377,8b30a406d060fff,0,0,1,0,0,0.166567,0,0,0,0,1,2022/9/2 9:00,2022/9/2 9:00
7469010,18418,360,1,216,20220902,20,146049,118.09874766442|36.957088236802,8b30a4069980fff,0,0,0,0,0,0,0,0,0,0,1,2022/9/2 9:00,2022/9/2 9:00
7469011,18418,360,1,216,20220902,20,151684,118.1003915635|36.962217600341,8b30a406d2c4fff,1,4,1,0,0,0.546117,0,0,0,0,1,2022/9/2 9:00,2022/9/2 9:00
7469012,18418,360,1,216,20220902,20,159876,118.09216308503|36.965234498205,8b30a406d052fff,0,1,0,0,0,0.14736,0,0,0,0,1,2022/9/2 9:00,2022/9/2 9:00
7469013,18418,360,1,216,20220902,20,659586,118.10054999999993|36.94442993497076,8b30a406941bfff,0,0,0,0,0,0,0,0,0,0,1,2022/9/2 9:00,2022/9/2 9:00
7469014,18418,360,1,216,20220902,20,143498,118.11648919824|36.954716283956,8b30a4334d33fff,0,0,0,0,0,0,0,0,0,0,1,2022/9/2 9:00,2022/9/2 9:00
7469015,18418,360,1,216,20220902,20,55432,118.09288172944|36.96768901787,8b30a406d065fff,2,0,2,0,0,0.738563,0,2,0,0,1,2022/9/2 9:00,2022/9/2 9:00
7469016,18418,360,1,216,20220902,20,55436,118.11213241652|36.964794766718,8b30a4a9a0acfff,2,3,2,0,0,0.731575,1,0,0,0,1,2022/9/2 9:00,2022/9/2 9:00
7469017,18418,360,1,216,20220902,20,55437,118.11065021243|36.962048189133,8b30a4a9a445fff,7,5,3,0,0,1.23721,2,8,0,0,1,2022/9/2 9:00,2022/9/2 9:00
7469018,18418,360,1,216,20220902,20,143500,118.11611190993|36.954997461591,8b30a4334d30fff,0,0,0,0,0,0,0,0,0,0,1,2022/9/2 9:00,2022/9/2 9:00
7469019,18418,360,1,216,20220902,20,55442,118.10467648078|36.956515081758,8b30a4069851fff,2,2,1,0,0,0.872367,0,5,0,0,1,2022/9/2 9:00,2022/9/2 9:00
7469020,18418,360,1,216,20220902,20,143504,118.11405479031|36.95530387191,8b30a4069a45fff,0,0,0,0,0,0,0,0,0,0,1,2022/9/2 9:00,2022/9/2 9:00
7469021,18418,360,1,216,20220902,20,55443,118.10039605503|36.956403334058,8b30a4069816fff,1,0,1,0,0,0.582743,1,0,0,0,1,2022/9/2 9:00,2022/9/2 9:00
7469022,18418,360,1,216,20220902,20,55444,118.10085419084|36.955812149851,8b30a40698a1fff,2,2,2,0,0,0.899085,1,5,0,0,1,2022/9/2 9:00,2022/9/2 9:00
7469023,18418,360,1,216,20220902,20,55446,118.092809865|36.958616628943,8b30a406d61efff,7,3,2,0,0,1.95321,0,7,0,0,1,2022/9/2 9:00,2022/9/2 9:00
7469024,18418,360,1,216,20220902,20,55447,118.08870460882|36.950941913565,8b30a4068323fff,0,0,0,0,0,0,0,1,0,0,1,2022/9/2 9:00,2022/9/2 9:00
7469025,18418,360,1,216,20220902,20,89238,118.08124867308|36.940025098698,8b30a406ab5afff,2,2,3,0,0,0.591249,1,0,0,0,1,2022/9/2 9:00,2022/9/2 9:00
7469026,18418,360,1,216,20220902,20,55448,118.08468918319|36.952856154977,8b30a4068ab6fff,3,1,2,0,0,1.3843,0,5,0,0,1,2022/9/2 9:00,2022/9/2 9:00
7469027,18418,360,1,216,20220902,20,55449,118.09832546083|36.950786897199,8b30a4069cc4fff,6,4,3,0,0,1.82773,2,7,0,0,1,2022/9/2 9:00,2022/9/2 9:00
7469028,18418,360,1,216,20220902,20,91806,118.1080047027|36.957495570737,8b30a4069b04fff,4,1,2,0,0,1.4319,0,5,0,0,1,2022/9/2 9:00,2022/9/2 9:00
7469029,18418,360,1,216,20220902,20,90788,118.10926233041|36.95940244116,8b30a4a9a4c0fff,3,3,2,0,0,1.15314,3,5,0,0,1,2022/9/2 9:00,2022/9/2 9:00
7469030,18418,360,1,216,20220902,20,156843,118.07638884027|36.969271257709,8b30a406ca5bfff,2,2,0,0,0,0.425696,1,0,0,0,1,2022/9/2 9:00,2022/9/2 9:00
7469031,18418,360,1,216,20220902,20,89261,118.08768952359|36.941723293423,8b30a40686c5fff,3,2,1,0,0,1.15417,0,5,0,0,1,2022/9/2 9:00,2022/9/2 9:00
7469032,18418,360,1,216,20220902,20,188588,118.11265343371|36.96544354998,8b30a4a9a011fff,0,0,0,0,0,0.144166,0,0,0,0,1,2022/9/2 9:00,2022/9/2 9:00
7469033,18418,360,1,216,20220902,20,89265,118.0903979147|36.941395195071,8b30a406b986fff,8,1,2,0,0,1.15809,3,10,0,0,1,2022/9/2 9:00,2022/9/2 9:00
7469034,18418,360,1,216,20220902,20,157874,118.12222038739|36.970727321541,8b30a4a9aa41fff,0,0,0,0,0,0,0,0,0,0,1,2022/9/2 9:00,2022/9/2 9:00
7469035,18418,360,1,216,20220902,20,157879,118.0988913933|36.969689338319,8b30a406da5afff,3,1,1,0,0,1.46901,0,5,0,0,1,2022/9/2 9:00,2022/9/2 9:00
7469036,18418,360,1,216,20220902,20,157882,118.10614521029|36.961853545985,8b30a4a9a430fff,1,0,0,0,0,1.05723,0,5,0,0,1,2022/9/2 9:00,2022/9/2 9:00
7469037,18418,360,1,216,20220902,20,157883,118.10617665099|36.960195454371,8b30a4a9a4a3fff,1,1,1,0,0,0.991983,1,5,0,0,1,2022/9/2 9:00,2022/9/2 9:00
7469038,18418,360,1,216,20220902,20,157880,118.09880156275|36.967652975574,8b30a406d364fff,3,2,1,0,0,1.28108,0,5,0,0,1,2022/9/2 9:00,2022/9/2 9:00
7469039,18418,360,1,216,20220902,20,157881,118.10265529339|36.963587294119,8b30a406d24efff,6,4,1,0,0,1.53739,8,6,0,0,1,2022/9/2 9:00,2022/9/2 9:00
7469040,18418,360,1,216,20220902,20,151233,118.10566910837|36.970500263918,8b30a4a9ad4efff,1,1,1,0,0,0.51352,1,0,0,0,1,2022/9/2 9:00,2022/9/2 9:00
7469041,18418,360,1,216,20220902,20,150726,118.09252240723|36.95448557332,8b30a4068a49fff,1,0,0,0,0,0.6636,0,2,0,0,1,2022/9/2 9:00,2022/9/2 9:00
7469042,18418,360,1,216,20220902,20,55495,118.09885546108|36.966903291917,8b30a406d362fff,0,0,0,0,0,0,0,0,0,0,1,2022/9/2 9:00,2022/9/2 9:00
7469043,18418,360,1,216,20220902,20,151237,118.10566461684|36.967732268602,8b30a4a9ac0bfff,2,0,0,0,0,0.790395,0,5,0,0,1,2022/9/2 9:00,2022/9/2 9:00
7469044,18418,360,1,216,20220902,20,55496,118.09289520402|36.971981527393,8b30a406dbadfff,0,0,0,0,0,0,0,0,0,0,1,2022/9/2 9:00,2022/9/2 9:00
7469045,18418,360,1,216,20220902,20,552641,118.12309245130419|36.96174531324615,8b30a4a9a2f1fff,0,0,0,0,0,0,0,0,0,0,1,2022/9/2 9:00,2022/9/2 9:00
7469046,18418,360,1,216,20220902,20,55498,118.10923088972|36.965111950343,8b30a4a9a193fff,1,2,1,0,0,0.862989,3,5,0,0,1,2022/9/2 9:00,2022/9/2 9:00
7469047,18418,360,1,216,20220902,20,55499,118.10888953363|36.965317398103,8b30a4a9a193fff,2,2,3,0,0,0.850061,3,5,0,0,1,2022/9/2 9:00,2022/9/2 9:00
7469048,18418,360,1,216,20220902,20,178387,118.0988105458|36.963558458717,8b30a406d203fff,1,0,0,0,0,1.14704,0,5,0,0,1,2022/9/2 9:00,2022/9/2 9:00
7469049,18418,360,1,216,20220902,20,151254,118.10738936342|36.965184037345,8b30a4a9acd9fff,2,0,1,0,0,0.884475,0,5,0,0,1,2022/9/2 9:00,2022/9/2 9:00
7469050,18418,360,1,216,20220902,20,89303,118.09261223778|36.951324045606,8b30a406836cfff,0,0,0,0,0,0,0,0,0,0,1,2022/9/2 9:00,2022/9/2 9:00
7469051,18418,360,1,216,20220902,20,153300,118.11973208113|36.966780746764,8b30a4a9a32efff,1,3,0,0,0,0.521866,1,0,0,0,1,2022/9/2 9:00,2022/9/2 9:00
7469052,18418,360,1,216,20220902,20,55519,118.1057544474|36.957034164902,8b30a4069841fff,2,0,2,0,0,1.25052,0,5,0,0,1,2022/9/2 9:00,2022/9/2 9:00
7469053,18418,360,1,216,20220902,20,55521,118.10257444589|36.971426510525,8b30a4a9ad28fff,6,8,3,0,0,0.845206,5,6,0,0,1,2022/9/2 9:00,2022/9/2 9:00
7469054,18418,360,1,216,20220902,20,55522,118.10605088821|36.970954378454,8b30a4a9ad4cfff,2,4,0,0,0,0.849825,1,3,0,0,1,2022/9/2 9:00,2022/9/2 9:00
7469055,18418,360,1,216,20220902,20,135392,118.10273614088|36.966319398525,8b30a4a9ac80fff,2,1,0,0,0,1.03984,0,5,0,0,1,2022/9/2 9:00,2022/9/2 9:00
7469056,18418,360,1,216,20220902,20,698606,118.08029499999994|36.95332093573478,8b30a406812efff,0,0,0,0,0,0.542269,0,0,0,0,1,2022/9/2 9:00,2022/9/2 9:00
7469057,18418,360,1,216,20220902,20,148203,118.10376020916|36.954856872891,8b30a40698c6fff,5,20,5,0,0,1.04962,9,6,0,0,1,2022/9/2 9:00,2022/9/2 9:00
7469058,18418,360,1,216,20220902,20,161518,118.11451741765|36.969202778755,8b30a4a9a168fff,1,0,1,0,0,0.293259,0,0,0,0,1,2022/9/2 9:00,2022/9/2 9:00
7469059,18418,360,1,216,20220902,20,161519,118.11459377361|36.969779441581,8b30a4a9ab93fff,0,0,0,0,0,0.624676,0,0,0,0,1,2022/9/2 9:00,2022/9/2 9:00
7469060,18418,360,1,216,20220902,20,161516,118.11353826464|36.967379053563,8b30a4a9a153fff,2,0,1,0,0,0.637201,0,0,0,0,1,2022/9/2 9:00,2022/9/2 9:00
7469061,18418,360,1,216,20220902,20,161517,118.11388411226|36.968085481989,8b30a4a9a142fff,1,0,0,0,0,0.45917,0,0,0,0,1,2022/9/2 9:00,2022/9/2 9:00
7469062,18418,360,1,216,20220902,20,161522,118.11794445317|36.970896713268,8b30a4a9aa04fff,0,0,0,0,0,0,0,0,0,0,1,2022/9/2 9:00,2022/9/2 9:00
7469063,18418,360,1,216,20220902,20,159986,118.07587680613|36.965155202552,8b30a406c352fff,0,0,0,0,0,0.461002,0,0,0,0,1,2022/9/2 9:00,2022/9/2 9:00
7469064,18418,360,1,216,20220902,20,161520,118.11649818129|36.970911129569,8b30a4a9aa36fff,4,6,4,0,0,0.581625,7,0,0,0,1,2022/9/2 9:00,2022/9/2 9:00
7469065,18418,360,1,216,20220902,20,161527,118.11490818054|36.970356100001,8b30a4a9ab82fff,2,7,3,0,0,0.590101,6,0,0,0,1,2022/9/2 9:00,2022/9/2 9:00
7469066,18418,360,1,216,20220902,20,162552,118.10145605553|36.947459375858,8b30a406955dfff,0,0,0,0,0,0,0,0,0,0,1,2022/9/2 9:00,2022/9/2 9:00
7469067,18418,360,1,216,20220902,20,162553,118.10293376809|36.947178170154,8b30a4069092fff,6,11,4,0,0,0.869704,2,6,0,0,1,2022/9/2 9:00,2022/9/2 9:00
7469068,18418,360,1,216,20220902,20,143615,118.08370553865|36.941802588263,8b30a40686a2fff,0,0,0,0,0,0,0,0,0,0,1,2022/9/2 9:00,2022/9/2 9:00
7469069,18418,360,1,216,20220902,20,146684,118.08940079559|36.977189166769,8b30a4a9e58efff,11,0,2,0,0,1.28195,0,13,0,0,1,2022/9/2 9:00,2022/9/2 9:00
7469070,18418,360,1,216,20220902,20,143618,118.08826443912|36.941413222503,8b30a40686eafff,0,0,0,0,0,0.0598911,0,0,0,0,1,2022/9/2 9:00,2022/9/2 9:00
7469071,18418,360,1,216,20220902,20,143622,118.09718461283|36.944849169849,8b30a4069599fff,1,1,0,0,0,0.470025,0,0,0,0,1,2022/9/2 9:00,2022/9/2 9:00
7469072,18418,360,1,216,20220902,20,91908,118.10456868412|36.951406960807,8b30a4069020fff,3,2,2,0,0,1.26779,1,5,0,0,1,2022/9/2 9:00,2022/9/2 9:00
7469073,18418,360,1,216,20220902,20,55566,118.09436393353|36.977012581601,8b30a4a9e450fff,6,0,2,0,0,1.49787,0,6,0,0,1,2022/9/2 9:00,2022/9/2 9:00
7469074,18418,360,1,216,20220902,20,143628,118.09254486487|36.954074618253,8b30a4069da5fff,1,1,0,0,0,0.161935,0,0,0,0,1,2022/9/2 9:00,2022/9/2 9:00
7469075,18418,360,1,216,20220902,20,55567,118.09284130569|36.9562014668,8b30a406d699fff,1,2,2,0,0,0.442079,1,0,0,0,1,2022/9/2 9:00,2022/9/2 9:00
7469076,18418,360,1,216,20220902,20,55569,118.0831261316|36.957391033929,8b30a406886bfff,12,2,3,0,0,1.91049,2,12,0,0,1,2022/9/2 9:00,2022/9/2 9:00
7469077,18418,360,1,216,20220902,20,186640,118.08952206683|36.964931732538,8b30a406d0adfff,0,0,0,0,0,0,0,0,0,0,1,2022/9/2 9:00,2022/9/2 9:00
7469078,18418,360,1,216,20220902,20,55573,118.09536105265|36.944953724047,8b30a4069592fff,7,2,1,0,0,1.65294,0,7,0,0,1,2022/9/2 9:00,2022/9/2 9:00
7469079,18418,360,1,216,20220902,20,55574,118.09291766166|36.946763570104,8b30a40682e1fff,6,0,1,5,0,2.01942,0,6,0,0,1,2022/9/2 9:00,2022/9/2 9:00
7469080,18418,360,1,216,20220902,20,55575,118.09521283224|36.950235324698,8b30a4069c80fff,4,1,1,0,0,1.48732,0,5,0,0,1,2022/9/2 9:00,2022/9/2 9:00
7469081,18418,360,1,216,20220902,20,90390,118.07548155171|36.929178827418,8b30a406a71cfff,1,1,1,0,0,0.35915,0,0,0,0,1,2022/9/2 9:00,2022/9/2 9:00
7469082,18418,360,1,216,20220902,20,170267,118.11236597595|36.95322386206,8b30a4069ae2fff,1,1,0,0,0,0,0,0,0,0,1,2022/9/2 9:00,2022/9/2 9:00
7469083,18418,360,1,216,20220902,20,138521,118.0966905448|36.965036258904,8b30a406d31afff,1,1,1,0,0,1.03175,0,5,0,0,1,2022/9/2 9:00,2022/9/2 9:00
7469084,18418,360,1,216,20220902,20,153887,118.104874108|36.971531027896,8b30a4a9ad63fff,1,2,1,0,0,0.720348,1,5,0,0,1,2022/9/2 9:00,2022/9/2 9:00
7469085,18418,360,1,216,20220902,20,148252,118.10605987127|36.963486370163,8b30a4a9a50efff,1,1,0,0,0,0.989946,0,5,0,0,1,2022/9/2 9:00,2022/9/2 9:00
7469086,18418,360,1,216,20220902,20,151330,118.10919035056783|36.95984197259928,8b30a4a9a4c4fff,2,3,1,0,0,1.32107,1,5,0,0,1,2022/9/2 9:00,2022/9/2 9:00
7469087,18418,360,1,216,20220902,20,155938,118.11241089122|36.967516014693,8b30a4a9a025fff,1,0,1,0,0,0.552618,0,0,0,0,1,2022/9/2 9:00,2022/9/2 9:00
7469088,18418,360,1,216,20220902,20,55585,118.09886444413|36.964643383155,8b30a406d22efff,1,1,1,0,0,1.00485,0,5,0,0,1,2022/9/2 9:00,2022/9/2 9:00
7469089,18418,360,1,216,20220902,20,55586,118.08890223603|36.954856872891,8b30a4068a0dfff,11,9,6,0,0,1.15552,5,13,0,0,1,2022/9/2 9:00,2022/9/2 9:00
7469090,18418,360,1,216,20220902,20,155937,118.10913207611|36.967425908727,8b30a4a9a1a5fff,7,2,2,0,0,0.989643,2,7,0,0,1,2022/9/2 9:00,2022/9/2 9:00
7469091,18418,360,1,216,20220902,20,89893,118.11401885809|36.971040876151,8b30a4a9abb1fff,3,2,2,0,0,0.771996,1,0,0,0,1,2022/9/2 9:00,2022/9/2 9:00
7469092,18418,360,1,216,20220902,20,55588,118.08947715155|36.97174006223,8b30a406d8edfff,8,6,3,0,0,1.38878,5,8,0,0,1,2022/9/2 9:00,2022/9/2 9:00
7469093,18418,360,1,216,20220902,20,448303,118.05259799999993|36.97483193760303,8b30a4a927abfff,0,0,0,0,0,0,0,0,0,0,1,2022/9/2 9:00,2022/9/2 9:00
7469094,18418,360,1,216,20220902,20,448300,118.05249558838909|36.973628247639915,8b30a4a92799fff,0,0,0,0,0,0,0,0,0,0,1,2022/9/2 9:00,2022/9/2 9:00
7469095,18418,360,1,216,20220902,20,145192,118.1086739403|36.958854536257,8b30a4a9a4d0fff,3,4,2,0,0,1.20812,0,5,0,0,1,2022/9/2 9:00,2022/9/2 9:00
7469096,18418,360,1,216,20220902,20,448298,118.05211713782836|36.97206398096791,8b30a4061b49fff,0,0,0,0,0,0,0,0,0,0,1,2022/9/2 9:00,2022/9/2 9:00
7469097,18418,360,1,216,20220902,20,448310,118.06392012371585|36.96355914371921,8b30a406c54dfff,0,1,0,0,0,0.219454,0,0,0,0,1,2022/9/2 9:00,2022/9/2 9:00
7469098,18418,360,1,216,20220902,20,448308,118.05304735130545|36.96359969050765,8b30a406122afff,1,0,0,0,0,0.4299,0,0,0,0,1,2022/9/2 9:00,2022/9/2 9:00
7469099,18418,360,1,216,20220902,20,448309,118.05795024635037|36.96419851163445,8b30a406c535fff,0,1,0,0,0,0,0,0,0,0,1,2022/9/2 9:00,2022/9/2 9:00
7469100,18418,360,1,216,20220902,20,96562,118.10869289257508|36.96209935760649,8b30a4a9a476fff,6,6,4,0,0,1.26779,4,6,0,0,1,2022/9/2 9:00,2022/9/2 9:00
7469101,18418,360,1,216,20220902,20,168241,118.07535578894|36.972046404618,8b30a406ca65fff,9,1,2,0,0,1.31177,4,11,0,0,1,2022/9/2 9:00,2022/9/2 9:00
7469102,18418,360,1,216,20220902,20,448306,118.05737464296115|36.9669255919719,8b30a406cc13fff,0,0,0,0,0,0,0,0,0,0,1,2022/9/2 9:00,2022/9/2 9:00
7469103,18418,360,1,216,20220902,20,448307,118.05749415336815|36.96823620248015,8b30a406cc31fff,0,0,0,0,0,0,0,0,0,0,1,2022/9/2 9:00,2022/9/2 9:00
7469104,18418,360,1,216,20220902,20,448304,118.0567079944842|36.9642220116088,8b30a406126dfff,0,0,0,0,0,0,0,0,0,0,1,2022/9/2 9:00,2022/9/2 9:00
7469105,18418,360,1,216,20220902,20,448305,118.05695670143454|36.965619902543125,8b30a406cc80fff,0,1,0,0,0,0,0,0,0,0,1,2022/9/2 9:00,2022/9/2 9:00
7469106,18418,360,1,216,20220902,20,172853,118.11179555195|36.971098541228,8b30a4a9a8c5fff,2,2,2,0,0,0.942436,2,5,0,0,1,2022/9/2 9:00,2022/9/2 9:00
7469107,18418,360,1,216,20220902,20,448315,118.07988322971501|36.96472072592063,8b30a406c26dfff,3,0,1,0,0,1.77244,0,5,0,0,1,2022/9/2 9:00,2022/9/2 9:00
7469108,18418,360,1,216,20220902,20,448312,118.06992598558999|36.96468826105132,8b30a406c0edfff,1,0,0,0,0,0.439795,0,0,0,0,1,2022/9/2 9:00,2022/9/2 9:00
7469109,18418,360,1,216,20220902,20,158030,118.09255384793|36.978929763634,8b30a4a9e553fff,0,0,0,0,0,0,0,0,0,0,1,2022/9/2 9:00,2022/9/2 9:00
7469110,18418,360,1,216,20220902,20,158031,118.09250444112|36.977787391043,8b30a4a9e401fff,1,0,1,0,0,0.886089,0,2,0,0,1,2022/9/2 9:00,2022/9/2 9:00
7469111,18418,360,1,216,20220902,20,158028,118.09289520402|36.978486514606,8b30a4a9e42dfff,3,9,2,0,0,1.21163,1,5,0,0,1,2022/9/2 9:00,2022/9/2 9:00
7469112,18418,360,1,216,20220902,20,158029,118.0925493564|36.980140600756,8b30a4a9e544fff,0,0,0,0,0,0,0,0,0,0,1,2022/9/2 9:00,2022/9/2 9:00
7469113,18418,360,1,216,20220902,20,180578,118.1240798798|36.970557928292,8b30a4a9bd33fff,1,0,0,0,0,0.152359,0,0,0,0,1,2022/9/2 9:00,2022/9/2 9:00
7469114,18418,360,1,216,20220902,20,146784,118.10806309256|36.955830173815,8b30a4069badfff,0,0,0,0,0,0,0,0,0,0,1,2022/9/2 9:00,2022/9/2 9:00
7469115,18418,360,1,216,20220902,20,89447,118.08844410022|36.948447192724,8b30a40683abfff,9,4,2,0,0,1.75088,2,10,0,0,1,2022/9/2 9:00,2022/9/2 9:00
7469116,18418,360,1,216,20220902,20,62312,118.08699782835|36.945202490305,8b30a406875dfff,16,2,4,0,0,2.13895,0,17,0,0,1,2022/9/2 9:00,2022/9/2 9:00
7469117,18418,360,1,216,20220902,20,89448,118.08849350702|36.949236715905,8b30a40683adfff,10,0,3,0,0,1.72553,2,10,0,0,1,2022/9/2 9:00,2022/9/2 9:00
7469118,18418,360,1,216,20220902,20,92525,118.10576343045|36.959438487396,8b30a4a9a486fff,3,8,2,0,0,1.05389,4,5,0,0,1,2022/9/2 9:00,2022/9/2 9:00
7469119,18418,360,1,216,20220902,20,165741,118.10508071826|36.948998778285,8b30a40690adfff,1,0,1,0,0,0.201062,0,0,0,0,1,2022/9/2 9:00,2022/9/2 9:00
7469120,18418,360,1,216,20220902,20,144250,118.07500544979|36.925641192847,8b30a406a6b4fff,2,4,1,0,0,0.357796,0,0,0,0,1,2022/9/2 9:00,2022/9/2 9:00
7469121,18418,360,1,216,20220902,20,162683,118.11034478855|36.96145344459,8b30a4a9a442fff,3,2,1,0,0,1.45599,0,5,0,0,1,2022/9/2 9:00,2022/9/2 9:00
7469122,18418,360,1,216,20220902,20,94593,118.11840258898|36.962570839536,8b30a4a9a39afff,0,0,0,0,0,0,0,0,0,0,1,2022/9/2 9:00,2022/9/2 9:00
7469123,18418,360,1,216,20220902,20,144258,118.09025867735|36.960703699354,8b30a406d713fff,5,1,2,0,0,1.3616,0,6,0,0,1,2022/9/2 9:00,2022/9/2 9:00
7469124,18418,360,1,216,20220902,20,55682,118.0961695276|36.965418319611,8b30a406d31efff,7,46,9,0,0,0.788993,2,0,0,0,1,2022/9/2 9:00,2022/9/2 9:00
7469125,18418,360,1,216,20220902,20,55683,118.08759969304|36.960927181886,8b30a406d45cfff,16,7,2,0,0,1.65641,2,16,0,0,1,2022/9/2 9:00,2022/9/2 9:00
7469126,18418,360,1,216,20220902,20,55695,118.09247749196|36.948746419384,8b30a4068274fff,0,0,0,0,0,0.239921,0,0,0,0,1,2022/9/2 9:00,2022/9/2 9:00
7469127,18418,360,1,216,20220902,20,94608,118.11347987478|36.967685413654,8b30a4a9a151fff,1,0,1,0,0,0.497846,0,0,0,0,1,2022/9/2 9:00,2022/9/2 9:00
7469128,18418,360,1,216,20220902,20,94613,118.10573648129|36.961168686472,8b30a4a9a58bfff,3,3,3,0,0,0.638131,3,0,0,0,1,2022/9/2 9:00,2022/9/2 9:00
7469129,18418,360,1,216,20220902,20,55701,118.10763190591|36.976064780596,8b30a4a9a92efff,2,1,2,0,0,0.687688,0,0,0,0,1,2022/9/2 9:00,2022/9/2 9:00
7469130,18418,360,1,216,20220902,20,179610,118.11992970834|36.96067486285,8b30a4a9a293fff,0,0,0,0,0,0,0,0,0,0,1,2022/9/2 9:00,2022/9/2 9:00
7469131,18418,360,1,216,20220902,20,62362,118.10601046447|36.967836791116,8b30a4a9ac56fff,4,13,3,0,0,0.905172,5,5,0,0,1,2022/9/2 9:00,2022/9/2 9:00
7469132,18418,360,1,216,20220902,20,371615,118.1305986404161|36.959873607659944,8b30a4a9b4a9fff,2,2,1,0,0,0.565362,1,0,0,0,1,2022/9/2 9:00,2022/9/2 9:00
7469133,18418,360,1,216,20220902,20,187806,118.10113266555|36.956673691133,8b30a4069810fff,2,2,1,0,0,0.871771,0,5,0,0,1,2022/9/2 9:00,2022/9/2 9:00
7469134,18418,360,1,216,20220902,20,187805,118.1026732595|36.964585713146,8b30a406d268fff,2,0,0,0,0,0.939348,1,5,0,0,1,2022/9/2 9:00,2022/9/2 9:00
7469135,18418,360,1,216,20220902,20,145827,118.08833630356|36.950581409867,8b30a4068304fff,0,0,0,0,0,0,0,0,0,0,1,2022/9/2 9:00,2022/9/2 9:00
7469136,18418,360,1,216,20220902,20,62369,118.10018495323|36.965227289513,8b30a406d358fff,2,0,0,0,0,1.05913,0,5,0,0,1,2022/9/2 9:00,2022/9/2 9:00
7469137,18418,360,1,216,20220902,20,94624,118.10609580349|36.953811461628,8b30a4069165fff,7,3,1,0,0,1.30195,5,8,0,0,1,2022/9/2 9:00,2022/9/2 9:00
7469138,18418,360,1,216,20220902,20,55714,118.0988105458|36.959052791767,8b30a4069915fff,8,2,4,0,0,1.54106,9,10,0,0,1,2022/9/2 9:00,2022/9/2 9:00
7469139,18418,360,1,216,20220902,20,187808,118.10318529364|36.956522291282,8b30a406980bfff,2,0,0,0,0,0.687021,2,2,0,0,1,2022/9/2 9:00,2022/9/2 9:00
7469140,18418,360,1,216,20220902,20,55715,118.08478799679|36.958634652237,8b30a406d48bfff,4,3,3,0,0,0.847562,2,5,0,0,1,2022/9/2 9:00,2022/9/2 9:00
7469141,18418,360,1,216,20220902,20,187809,118.10379164986|36.956511477009,8b30a4069856fff,2,1,2,0,0,0.82481,0,5,0,0,1,2022/9/2 9:00,2022/9/2 9:00
7469142,18418,360,1,216,20220902,20,175014,118.07465511064|36.923679375081,8b30a4041a66fff,1,0,1,0,0,0.292548,0,0,0,0,1,2022/9/2 9:00,2022/9/2 9:00
7469143,18418,360,1,216,20220902,20,156070,118.12292106569|36.970680468426,8b30a4a9aa4dfff,0,0,0,0,0,0,0,0,0,0,1,2022/9/2 9:00,2022/9/2 9:00
7469144,18418,360,1,216,20220902,20,55718,118.09432800131|36.965371463227,8b30a406d3a4fff,5,3,4,0,0,0.922751,2,6,0,0,1,2022/9/2 9:00,2022/9/2 9:00
7469145,18418,360,1,216,20220902,20,91047,118.09682529063|36.949741429588,8b30a4069c8bfff,8,2,1,0,0,1.59975,0,10,0,0,1,2022/9/2 9:00,2022/9/2 9:00
7469146,18418,360,1,216,20220902,20,91046,118.0980919014|36.94979190077,8b30a4069cd1fff,0,2,0,0,0,0,1,0,0,0,1,2022/9/2 9:00,2022/9/2 9:00
7469147,18418,360,1,216,20220902,20,55719,118.10607783738|36.964776744868,8b30a4a9a52dfff,1,2,1,0,0,0.708271,2,0,0,0,1,2022/9/2 9:00,2022/9/2 9:00
7469148,18418,360,1,216,20220902,20,371618,118.12750493400236|36.96074391542792,8b30a4a9b59dfff,1,1,0,0,0,0.305051,0,0,0,0,1,2022/9/2 9:00,2022/9/2 9:00
7469149,18418,360,1,216,20220902,20,55720,118.10679648179|36.965321002458,8b30a4a9acd8fff,2,0,1,0,0,1.46656,0,5,0,0,1,2022/9/2 9:00,2022/9/2 9:00
7469150,18418,360,1,216,20220902,20,55723,118.09844673207|36.955343524935,8b30a4069d6bfff,3,7,2,0,0,0.714126,2,0,0,0,1,2022/9/2 9:00,2022/9/2 9:00
7469151,18418,360,1,216,20220902,20,55725,118.09171393227|36.950595830048,8b30a4068344fff,0,0,0,0,0,0,0,0,0,0,1,2022/9/2 9:00,2022/9/2 9:00
7469152,18418,360,1,216,20220902,20,55726,118.09038893165|36.964935336885,8b30a406d01bfff,4,0,1,0,0,0.995067,0,5,0,0,1,2022/9/2 9:00,2022/9/2 9:00
7469153,18418,360,1,216,20220902,20,55727,118.09543291709|36.965039863273,8b30a406d3a1fff,6,4,4,0,0,1.31099,5,7,0,0,1,2022/9/2 9:00,2022/9/2 9:00
7469154,18418,360,1,216,20220902,20,55728,118.10102037736|36.965223685153,8b30a406d264fff,2,0,1,0,0,0.802666,0,4,0,0,1,2022/9/2 9:00,2022/9/2 9:00
7469155,18418,360,1,216,20220902,20,437684,118.1097022448388|36.96073133584765,8b30a4a9a452fff,4,12,3,0,0,1.04292,9,6,0,0,1,2022/9/2 9:00,2022/9/2 9:00
7469156,18418,360,1,216,20220902,20,180151,118.09260325473|36.953706919719,8b30a4069da0fff,2,4,1,0,0,1.17522,1,5,0,0,1,2022/9/2 9:00,2022/9/2 9:00
7469157,18418,360,1,216,20220902,20,133561,118.1183576737|36.963205224144,8b30a4a9a39cfff,6,6,2,0,0,1.09078,1,6,0,0,1,2022/9/2 9:00,2022/9/2 9:00
7469158,18418,360,1,216,20220902,20,175033,118.07681104386|36.937198295029,8b30a406a169fff,5,15,4,0,0,0.864912,3,6,0,0,1,2022/9/2 9:00,2022/9/2 9:00
7469159,18418,360,1,216,20220902,20,437693,118.10589924046243|36.954403166439434,8b30a40698c9fff,4,25,4,0,0,0.828509,19,2,0,0,1,2022/9/2 9:00,2022/9/2 9:00
7469160,18418,360,1,216,20220902,20,91069,118.09886444413|36.973462771417,8b30a4a9e6b1fff,2,3,0,0,0,1.0509,0,5,0,0,1,2022/9/2 9:00,2022/9/2 9:00
7469161,18418,360,1,216,20220902,20,55740,118.09932257994|36.960566725862,8b30a4069925fff,3,0,1,0,0,1.00296,0,5,0,0,1,2022/9/2 9:00,2022/9/2 9:00
7469162,18418,360,1,216,20220902,20,437690,118.10754199999992|36.9566699360238,8b30a4069b10fff,2,10,3,0,0,1.27359,3,5,0,0,1,2022/9/2 9:00,2022/9/2 9:00
7469163,18418,360,1,216,20220902,20,55741,118.10079580098|36.971595900682,8b30a4a9ad35fff,10,14,2,0,0,1.39438,1,11,0,0,1,2022/9/2 9:00,2022/9/2 9:00
7469164,18418,360,1,216,20220902,20,55743,118.10261936117|36.95662322455,8b30a406981dfff,1,0,0,0,0,0.712136,0,4,0,0,1,2022/9/2 9:00,2022/9/2 9:00
7469165,18418,360,1,216,20220902,20,91073,118.10123597068|36.97333663297,8b30a4a9e6f6fff,3,0,1,0,0,1.16251,0,5,0,0,1,2022/9/2 9:00,2022/9/2 9:00
7469166,18418,360,1,216,20220902,20,437702,118.10163162475119|36.95385847270844,8b30a4069899fff,2,2,1,0,0,1.13015,1,5,0,0,1,2022/9/2 9:00,2022/9/2 9:00
7469167,18418,360,1,216,20220902,20,437700,118.10298303329324|36.9538165878652,8b30a40698d2fff,4,4,2,0,0,1.43127,2,5,0,0,1,2022/9/2 9:00,2022/9/2 9:00
7469168,18418,360,1,216,20220902,20,553421,118.12471844352913|36.96137708307708,8b30a4a9a2ccfff,1,2,2,0,0,0.415496,1,0,0,0,1,2022/9/2 9:00,2022/9/2 9:00
7469169,18418,360,1,216,20220902,20,437696,118.10498730546247|36.95344114473045,8b30a4069175fff,3,4,2,0,0,1.65322,11,5,0,0,1,2022/9/2 9:00,2022/9/2 9:00
7469170,18418,360,1,216,20220902,20,91078,118.10606885432|36.973408712116,8b30a4a9a984fff,7,5,4,0,0,0.954634,8,6,0,0,1,2022/9/2 9:00,2022/9/2 9:00
7469171,18418,360,1,216,20220902,20,62411,118.08945020239|36.965241706896,8b30a406d013fff,1,0,0,0,0,0.212739,0,0,0,0,1,2022/9/2 9:00,2022/9/2 9:00
7469172,18418,360,1,216,20220902,20,437704,118.09878908239773|36.95519512507971,8b30a40698b6fff,2,1,1,0,0,1.70826,0,5,0,0,1,2022/9/2 9:00,2022/9/2 9:00
7469173,18418,360,1,216,20220902,20,62417,118.1041734297|36.971358033526,8b30a4a9ad75fff,3,2,1,0,0,1.51879,0,5,0,0,1,2022/9/2 9:00,2022/9/2 9:00
7469174,18418,360,1,216,20220902,20,62424,118.09015986374|36.976857618742,8b30a4a9e58bfff,1,0,1,0,0,1.14944,0,5,0,0,1,2022/9/2 9:00,2022/9/2 9:00
7469175,18418,360,1,216,20220902,20,55769,118.08111392726|36.96104252745,8b30a406d59cfff,13,16,1,0,0,1.5058,10,13,0,0,1,2022/9/2 9:00,2022/9/2 9:00
7469176,18418,360,1,216,20220902,20,62427,118.09590901901|36.976695447994,8b30a4a9e458fff,5,6,2,0,0,0.827259,1,6,0,0,1,2022/9/2 9:00,2022/9/2 9:00
7469177,18418,360,1,216,20220902,20,153566,118.10205353700287|36.95636010010292,8b30a406981cfff,2,0,2,0,0,1.20254,1,5,0,0,1,2022/9/2 9:00,2022/9/2 9:00
7469178,18418,360,1,216,20220902,20,62429,118.09728342644|36.976623371989,8b30a4a9e7a5fff,1,6,1,0,0,0.463098,0,0,0,0,1,2022/9/2 9:00,2022/9/2 9:00
7469179,18418,360,1,216,20220902,20,89564,118.08061985923|36.957441499999,8b30a4068870fff,2,11,1,0,0,0.875398,4,5,0,0,1,2022/9/2 9:00,2022/9/2 9:00
7469180,18418,360,1,216,20220902,20,153567,118.10358054806|36.956259143214,8b30a40698e5fff,6,6,1,0,0,1.20114,1,6,0,0,1,2022/9/2 9:00,2022/9/2 9:00
7469181,18418,360,1,216,20220902,20,172511,118.10601495599|36.979776632831,8b30a4a9e206fff,8,0,5,0,0,0.958222,2,10,0,0,1,2022/9/2 9:00,2022/9/2 9:00
7469182,18418,360,1,216,20220902,20,62430,118.10238580173|36.976371105426,8b30a4a9e75bfff,2,0,1,0,0,0.37408,0,0,0,0,1,2022/9/2 9:00,2022/9/2 9:00
7469183,18418,360,1,216,20220902,20,153565,118.09957078966258|36.95648773413708,8b30a406998afff,2,7,2,0,0,0.796417,3,5,0,0,1,2022/9/2 9:00,2022/9/2 9:00
7469184,18418,360,1,216,20220902,20,169443,118.10074190265|36.956713343438,8b30a4069814fff,1,0,0,0,0,1.06743,0,5,0,0,1,2022/9/2 9:00,2022/9/2 9:00
7469185,18418,360,1,216,20220902,20,62434,118.10605537974|36.975686377649,8b30a4a9a930fff,1,3,0,0,0,0.360475,2,0,0,0,1,2022/9/2 9:00,2022/9/2 9:00
7469186,18418,360,1,216,20220902,20,149478,118.12034292888|36.961233568166,8b30a4a9a282fff,0,0,0,0,0,0.408451,0,0,0,0,1,2022/9/2 9:00,2022/9/2 9:00
7469187,18418,360,1,216,20220902,20,169444,118.09993342769|36.956734971952,8b30a4069988fff,1,0,0,0,0,0.916446,0,5,0,0,1,2022/9/2 9:00,2022/9/2 9:00
7469188,18418,360,1,216,20220902,20,62438,118.11143173822|36.975762058379,8b30a4a9a968fff,3,3,0,0,0,1.02756,2,5,0,0,1,2022/9/2 9:00,2022/9/2 9:00
7469189,18418,360,1,216,20220902,20,169445,118.08349443686|36.957693829842,8b30a4068869fff,8,2,7,0,0,1.04586,2,8,0,0,1,2022/9/2 9:00,2022/9/2 9:00
7469190,18418,360,1,216,20220902,20,169450,118.10310893767|36.965176828648,8b30a4a9ac9efff,1,0,0,0,0,0.194482,0,0,0,0,1,2022/9/2 9:00,2022/9/2 9:00
7469191,18418,360,1,216,20220902,20,169449,118.10265080186|36.965227289513,8b30a4a9ac93fff,2,0,1,0,0,0.481265,0,0,0,0,1,2022/9/2 9:00,2022/9/2 9:00
7469192,18418,360,1,216,20220902,20,62443,118.11666436781|36.973185266541,8b30a4a9ab2afff,4,5,2,0,0,0.707134,1,0,0,0,1,2022/9/2 9:00,2022/9/2 9:00
7469193,18418,360,1,216,20220902,20,62444,118.12120530217|36.962455496307,8b30a4a9a2acfff,3,1,0,0,0,0.36596,0,0,0,0,1,2022/9/2 9:00,2022/9/2 9:00
7469194,18418,360,1,216,20220902,20,135660,118.10607783738|36.975160214186,8b30a4a9a914fff,3,4,2,0,0,1.06558,1,5,0,0,1,2022/9/2 9:00,2022/9/2 9:00
7469195,18418,360,1,216,20220902,20,151536,118.11122961948|36.963187201941,8b30a4a9a091fff,3,18,2,0,0,1.1642,6,5,0,0,1,2022/9/2 9:00,2022/9/2 9:00
7469196,18418,360,1,216,20220902,20,149503,118.11277919648|36.964863249646,8b30a4a9a0adfff,3,8,1,0,0,1.28516,2,5,0,0,1,2022/9/2 9:00,2022/9/2 9:00
