,city_id,bike_sn,is_useable,is_used,cnt3,cnt7,cnt14,cnt21,cnt30,label
0,161,815731925,1,1,17,45,69,90,114,67.0
1,161,815733102,1,1,15,34,65,83,117,62.80000000000001
2,161,815954020,1,1,16,29,63,95,119,64.4
3,161,816216920,1,1,19,19,46,68,92,48.800000000000004
4,161,816221560,1,1,17,36,55,99,118,65.0
5,161,816223142,1,1,14,21,42,70,97,48.8
6,161,816232662,1,0,4,20,44,62,104,46.8
7,161,816233959,1,1,5,22,56,86,121,58.0
8,161,815932221,1,1,8,21,51,78,130,57.6
9,161,816218474,1,1,23,33,62,93,134,69.0
10,161,816221907,1,0,0,0,20,53,89,32.400000000000006
11,161,816228075,1,1,5,17,43,67,96,45.6
12,161,816228097,1,1,13,38,53,53,70,45.400000000000006
13,161,816232592,1,1,12,30,59,84,106,58.2
14,161,815733114,1,1,2,10,36,72,119,47.8
15,161,815923522,1,1,5,22,60,84,124,59.0
16,161,815953905,1,1,11,19,45,72,116,52.6
17,161,816233600,1,1,17,21,27,39,79,36.6
18,161,816234212,1,0,17,25,36,60,85,44.6
19,161,815933241,1,1,12,30,52,73,96,52.60000000000001
20,161,815944229,1,1,10,21,40,76,99,49.2
21,161,816234022,1,0,15,43,58,80,120,63.2
22,161,815732474,1,1,2,25,58,79,102,53.2
23,161,815732992,1,1,16,31,52,69,102,54.0
24,161,816230440,1,1,12,36,72,86,113,63.800000000000004
25,161,816237070,1,1,6,19,38,69,104,47.2
26,161,815733115,1,1,13,36,63,90,124,65.2
27,161,816231442,1,1,14,43,95,122,162,87.19999999999999
28,161,817130066,1,0,7,7,14,58,104,38.0
29,161,815726454,1,1,10,13,39,59,93,42.800000000000004
30,161,815733122,1,1,6,23,48,67,104,49.60000000000001
31,161,816228070,1,1,12,23,42,59,78,42.800000000000004
32,161,816231622,1,1,13,32,67,90,132,66.8
33,161,816231755,1,1,8,33,78,103,126,69.60000000000001
34,161,816233955,1,1,11,17,59,92,145,64.80000000000001
35,161,817118461,1,0,12,38,59,79,105,58.6
36,161,817130094,1,0,3,6,6,29,60,20.8
37,161,817131149,1,1,10,21,54,70,126,56.2
38,161,815725751,1,0,0,0,0,0,0,0.0
39,161,815931625,1,1,10,30,59,88,129,63.2
40,161,815939249,1,1,17,39,53,77,113,59.800000000000004
41,161,816220527,1,1,15,33,77,100,139,72.8
42,161,816235077,1,0,8,26,40,60,101,47.0
43,161,817131155,1,1,21,36,57,86,124,64.8
44,161,816221969,1,1,21,39,74,85,110,65.8
45,161,816229264,1,1,10,27,62,80,114,58.599999999999994
46,161,816230267,1,1,8,18,57,74,96,50.60000000000001
47,161,816232426,1,0,17,24,45,87,96,53.80000000000001
48,161,817119754,1,1,12,30,47,78,114,56.2
49,161,816221577,1,0,18,35,52,83,132,64.0
50,161,816231217,1,0,0,0,0,1,30,6.2
51,161,816233474,1,1,0,0,23,28,53,20.800000000000004
52,161,817120655,1,1,11,14,35,59,106,45.0
53,161,815933410,1,1,4,9,30,42,63,29.6
54,161,816216504,1,1,11,27,60,79,98,55.00000000000001
55,161,816217405,1,1,9,24,51,70,99,50.6
56,161,816221641,1,1,16,22,66,111,141,71.2
57,161,816231799,1,1,19,42,67,89,127,68.80000000000001
58,161,816233661,1,0,6,20,46,71,94,47.400000000000006
59,161,816234117,1,1,11,27,43,56,84,44.2
60,161,816234216,1,1,7,24,53,77,105,53.2
61,161,816234265,1,1,7,23,49,69,89,47.400000000000006
62,161,816236924,1,1,4,20,47,66,79,43.2
63,161,817128004,1,1,21,41,63,86,106,63.400000000000006
64,161,817129460,1,1,9,20,37,50,68,36.8
65,161,816230444,1,0,14,33,53,78,116,58.800000000000004
66,161,816234459,1,0,19,28,35,50,85,43.4
67,161,816235052,1,1,10,29,70,100,138,69.4
68,161,817119294,1,1,16,38,66,85,116,64.2
69,161,817129725,1,1,16,34,50,81,114,59.0
70,161,815931502,1,1,9,39,65,96,110,63.800000000000004
71,161,815954161,1,1,19,35,84,106,141,77.0
72,161,816223155,1,0,8,22,38,64,106,47.60000000000001
73,161,816228912,1,1,9,25,51,84,121,58.0
74,161,816231751,1,0,0,0,25,57,92,34.8
75,161,816231922,1,1,10,30,60,77,88,53.0
76,161,816234167,1,1,11,17,37,55,84,40.8
77,161,817119154,1,1,9,30,60,90,117,61.2
78,161,817119417,1,1,16,36,68,90,108,63.6
79,161,817131492,1,1,10,21,41,56,72,40.0
80,161,815957092,1,1,15,28,78,114,138,74.6
81,161,815957106,1,1,20,37,64,87,121,65.80000000000001
82,161,816222276,1,1,5,18,29,36,66,30.800000000000004
83,161,816233275,1,0,14,31,44,72,104,53.0
84,161,816235091,1,1,2,7,27,42,74,30.400000000000002
85,161,817130450,1,1,8,32,51,65,106,52.400000000000006
86,161,815960007,1,1,22,35,72,98,117,68.80000000000001
87,161,816232544,1,1,15,28,67,105,127,68.4
88,161,817131194,1,1,18,35,62,88,107,62.0
89,161,815725266,1,1,32,47,74,115,165,86.6
90,161,816230477,1,1,15,40,71,101,149,75.2
91,161,817129629,1,1,3,16,54,83,94,50.0
92,161,816222007,1,1,14,34,61,84,109,60.400000000000006
93,161,816233612,1,1,15,32,61,74,99,56.2
94,161,816233640,1,1,14,30,65,101,144,70.8
95,161,816234560,1,1,13,33,77,117,163,80.6
96,161,815725294,1,1,5,29,46,70,97,49.400000000000006
97,161,816219276,1,1,3,7,26,38,66,28.0
98,161,816219420,1,1,13,31,76,110,123,70.6
99,161,815717164,1,1,8,32,68,89,123,64.0
100,161,815726611,1,1,20,39,81,92,96,65.60000000000001
101,161,815933064,1,1,15,29,64,94,150,70.4
102,161,815933177,1,0,11,31,40,41,74,39.400000000000006
103,161,816232529,1,1,9,12,39,51,86,39.400000000000006
104,161,816234141,1,0,10,15,30,36,45,27.2
105,161,817131554,1,1,21,37,69,90,108,65.0
106,161,815950707,1,1,19,27,41,62,92,48.2
107,161,816211975,1,1,15,26,63,77,107,57.60000000000001
108,161,816221576,1,1,10,12,39,62,92,43.0
109,161,816223179,1,0,0,0,0,3,11,2.8000000000000003
110,161,816228644,1,1,20,38,59,89,123,65.80000000000001
111,161,816230074,1,1,13,21,37,60,87,43.60000000000001
112,161,816230501,1,0,12,30,37,65,100,48.8
113,161,816231412,1,1,4,24,48,69,82,45.400000000000006
114,161,816231560,1,1,15,17,52,72,98,50.800000000000004
115,161,816233665,1,0,15,25,46,70,96,50.400000000000006
116,161,815938700,1,0,22,45,62,80,104,62.599999999999994
117,161,815950901,1,1,9,31,50,75,107,54.400000000000006
118,161,816221966,1,1,16,31,78,105,155,77.0
119,161,816231940,1,1,11,41,60,88,132,66.4
120,161,816232040,1,1,19,35,63,102,121,68.0
121,161,816232676,1,1,21,40,62,90,121,66.80000000000001
122,161,816233744,1,1,10,34,62,87,118,62.20000000000001
123,161,817129109,1,1,0,0,28,41,57,25.200000000000003
124,161,815725021,1,1,17,29,58,94,146,68.80000000000001
125,161,815936601,1,1,6,17,43,53,93,42.400000000000006
126,161,816233647,1,1,14,22,44,63,106,49.800000000000004
127,161,816234092,1,0,5,19,41,69,98,46.400000000000006
128,161,817129000,1,1,13,24,65,113,153,73.6
129,161,815731904,1,1,10,25,59,86,137,63.400000000000006
130,161,815732444,1,0,6,27,56,88,115,58.400000000000006
131,161,815932066,1,1,2,20,54,88,117,56.2
132,161,815933229,1,1,0,17,41,63,96,43.400000000000006
133,161,815938620,1,0,0,0,0,0,0,0.0
134,161,815938774,1,1,8,20,38,67,103,47.2
135,161,816221601,1,1,8,26,63,75,123,59.00000000000001
136,161,816221952,1,1,10,40,61,83,113,61.400000000000006
137,161,816228007,1,1,8,30,67,76,119,60.0
138,161,816231577,1,1,5,15,45,70,89,44.8
139,161,816233625,1,1,19,46,71,94,125,71.0
140,161,816233795,1,1,20,45,74,120,150,81.8
141,161,817119150,1,1,4,21,59,62,93,47.800000000000004
142,161,815932547,1,1,15,39,87,123,162,85.2
143,161,816219429,1,1,11,31,56,76,122,59.2
144,161,816221902,1,1,18,44,75,105,139,76.2
145,161,816222951,1,1,28,35,59,94,114,66.0
146,161,816233724,1,1,6,23,46,61,73,41.800000000000004
147,161,816236941,1,0,11,19,32,47,80,37.8
148,161,815957097,1,0,9,25,48,79,124,57.0
149,161,816222441,1,0,0,0,9,43,82,26.800000000000004
150,161,816231414,1,1,8,23,50,76,90,49.400000000000006
151,161,815955225,1,1,14,22,47,69,89,48.2
152,161,815957099,1,1,9,16,52,81,89,49.400000000000006
153,161,815959699,1,1,14,27,47,75,120,56.6
154,161,815959769,1,1,6,18,36,61,92,42.60000000000001
155,161,816218500,1,1,7,30,71,93,139,68.0
156,161,816228900,1,1,15,36,82,105,163,80.2
157,161,816234004,1,1,9,25,49,75,115,54.6
158,161,816236704,1,0,13,26,49,104,144,67.2
159,161,817128964,1,1,19,35,64,79,105,60.400000000000006
160,161,817130457,1,1,18,26,65,90,116,63.0
161,161,815726457,1,1,9,15,40,55,81,40.0
162,161,815943095,1,1,14,32,61,86,133,65.2
163,161,815958167,1,1,3,12,35,56,98,40.800000000000004
164,161,816221962,1,1,2,2,46,75,100,45.0
165,161,816233641,1,1,16,30,61,88,124,63.8
166,161,817131472,1,1,3,12,32,50,87,36.8
167,161,815924154,1,0,20,25,49,66,97,51.400000000000006
168,161,816221529,1,1,9,27,63,96,127,64.4
169,161,816231776,1,1,13,31,48,74,97,52.60000000000001
170,161,817120092,1,1,15,30,55,87,116,60.60000000000001
171,161,817129562,1,1,10,20,41,70,101,48.400000000000006
172,161,816217229,1,1,16,29,39,56,70,42.0
173,161,816218462,1,1,4,8,33,45,62,30.4
174,161,816221724,1,1,18,39,70,109,154,78.0
175,161,816227246,1,1,22,41,82,120,146,82.2
176,161,817120657,1,1,17,27,54,67,95,52.0
177,161,817127672,1,1,17,31,67,91,112,63.60000000000001
178,161,815933225,1,1,4,4,34,53,63,31.6
179,161,816221545,1,1,6,16,40,56,102,44.0
180,161,816223141,1,1,0,15,44,67,101,45.400000000000006
181,161,816231771,1,1,6,8,35,78,97,44.800000000000004
182,161,816233927,1,0,23,24,44,76,128,59.00000000000001
183,161,816236197,1,1,10,28,54,85,117,58.80000000000001
184,161,817120605,1,1,17,20,41,55,82,43.0
185,161,817129655,1,1,11,37,76,101,120,69.0
186,161,815931560,1,1,21,57,87,131,159,91.0
187,161,815960544,1,1,25,35,56,82,127,65.00000000000001
188,161,816235046,1,1,13,19,39,56,71,39.6
189,161,817129517,1,1,13,18,51,83,103,53.6
190,161,815931490,1,1,3,26,50,65,88,46.400000000000006
191,161,815950641,1,1,1,26,59,81,116,56.60000000000001
192,161,816232605,1,1,7,28,59,93,117,60.80000000000001
193,161,816233754,1,1,17,30,47,65,79,47.6
194,161,816233791,1,0,21,36,60,103,150,74.0
195,161,817119929,1,1,13,32,58,77,99,55.8
196,161,815725466,1,1,18,33,50,65,96,52.400000000000006
197,161,815939241,1,1,23,38,68,87,129,69.0
198,161,816233452,1,1,16,35,70,103,136,72.0
199,161,815724960,1,1,16,47,81,99,150,78.6
200,161,816222957,1,1,18,31,66,92,144,70.2
201,161,816223004,1,1,8,12,49,85,122,55.2
202,161,816228669,1,1,13,37,74,106,144,74.8
203,161,817130999,1,1,4,13,36,64,110,45.400000000000006
204,161,815959654,1,1,19,37,66,84,115,64.2
205,161,815959965,1,1,29,50,94,126,165,92.80000000000001
206,161,816222054,1,0,9,21,40,61,86,43.400000000000006
207,161,816231194,1,1,19,53,92,114,158,87.20000000000002
208,161,817128942,1,1,12,33,63,74,103,57.00000000000001
209,161,817129440,1,0,0,0,0,18,35,10.6
210,161,815725029,1,1,17,36,54,72,114,58.60000000000001
211,161,816216602,1,0,17,51,87,104,120,75.80000000000001
212,161,816227745,1,1,15,34,52,84,109,58.8
213,161,816231726,1,1,13,31,61,85,118,61.6
214,161,816234001,1,1,14,38,56,78,94,56.0
215,161,817119269,1,0,0,0,0,0,0,0.0
216,161,815732252,1,1,4,20,63,81,123,58.2
217,161,815732419,1,1,27,48,79,90,113,71.4
218,161,815733124,1,1,14,29,59,100,125,65.4
219,161,815924642,1,1,25,37,71,103,132,73.60000000000001
220,161,816220047,1,1,0,3,22,55,113,38.6
221,161,817119609,1,1,12,35,81,106,140,74.80000000000001
222,161,817131520,1,1,11,31,61,84,120,61.400000000000006
223,161,816217404,1,1,18,28,59,80,119,60.8
224,161,816231724,1,1,10,18,49,67,93,47.400000000000006
225,161,817131226,1,1,12,40,59,74,116,60.2
226,161,815727421,1,0,13,19,33,52,59,35.2
227,161,815929220,1,1,7,15,36,50,74,36.400000000000006
228,161,815950046,1,1,11,18,58,75,121,56.60000000000001
229,161,816231901,1,1,18,42,90,105,137,78.4
230,161,816234109,1,1,12,41,62,97,132,68.80000000000001
231,161,815724756,1,1,8,22,46,66,93,47.0
232,161,815928600,1,1,15,30,55,80,131,62.2
233,161,815932077,1,1,9,9,31,40,59,29.6
234,161,816220547,1,0,7,13,16,37,71,28.800000000000004
235,161,816222505,1,1,14,30,50,79,105,55.6
236,161,816228261,1,1,15,25,42,64,98,48.8
237,161,816228962,1,1,19,34,69,100,123,69.0
238,161,816230210,1,0,11,28,54,71,98,52.400000000000006
239,161,816233990,1,1,18,25,66,101,121,66.2
240,161,816234451,1,1,7,18,47,71,96,47.800000000000004
241,161,817127574,1,0,7,22,49,73,96,49.400000000000006
242,161,815924120,1,1,18,30,46,86,103,56.6
243,161,815925965,1,1,0,7,36,55,73,34.2
244,161,815955065,1,0,10,17,37,63,97,44.800000000000004
245,161,816228902,1,1,5,27,71,110,145,71.6
246,161,816234219,1,1,20,33,70,84,115,64.4
247,161,817120747,1,0,12,27,53,60,94,49.2
248,161,817129022,1,1,3,23,53,86,112,55.400000000000006
249,161,815931122,1,1,9,39,74,98,126,69.2
250,161,815957120,1,1,15,28,73,91,127,66.80000000000001
251,161,816228904,1,1,14,38,75,112,141,76.0
252,161,816231719,1,1,9,27,54,77,105,54.4
253,161,816232625,1,1,14,25,57,81,117,58.80000000000001
254,161,816234699,1,1,9,17,52,74,112,52.800000000000004
255,161,817119120,1,1,2,7,38,55,91,38.599999999999994
256,161,815733004,1,0,0,8,18,32,54,22.400000000000002
257,161,815928601,1,1,7,32,76,104,138,71.4
258,161,815928671,1,0,15,34,44,74,116,56.60000000000001
259,161,816218527,1,1,14,27,63,83,110,59.400000000000006
260,161,816218770,1,1,8,23,41,60,86,43.6
261,161,816221620,1,1,15,32,61,76,115,59.800000000000004
262,161,816222972,1,1,1,5,44,82,118,50.0
263,161,816225972,1,1,5,19,62,84,130,60.0
264,161,816228915,1,1,15,44,79,108,144,78.0
265,161,816229020,1,1,10,24,57,70,108,53.800000000000004
266,161,816232695,1,1,24,34,78,100,151,77.4
267,161,815957007,1,1,14,37,44,70,108,54.6
268,161,815959764,1,1,14,23,65,87,108,59.4
269,161,816233659,1,1,17,36,68,107,146,74.80000000000001
270,161,817127712,1,1,5,18,37,69,107,47.2
271,161,815726164,1,0,22,35,53,85,122,63.400000000000006
272,161,815927700,1,1,4,23,49,74,104,50.8
273,161,815942927,1,1,23,35,60,79,122,63.80000000000001
274,161,815955204,1,1,14,14,50,84,103,53.00000000000001
275,161,816221516,1,1,15,28,48,83,102,55.2
276,161,816225529,1,1,17,32,63,91,126,65.80000000000001
277,161,816232561,1,1,20,28,70,90,120,65.6
278,161,816233740,1,0,0,0,0,22,62,16.8
279,161,817118694,1,1,14,25,60,87,106,58.400000000000006
280,161,817119270,1,1,5,13,36,48,71,34.6
281,161,817129057,1,1,13,20,28,43,60,32.8
282,161,815725225,1,1,12,18,50,71,100,50.2
283,161,815928404,1,1,9,19,50,75,114,53.400000000000006
284,161,815929111,1,1,15,40,69,80,139,68.6
285,161,816218555,1,1,6,27,67,103,119,64.4
286,161,816232699,1,0,9,18,23,48,62,32.0
287,161,815928721,1,1,27,44,83,102,126,76.4
288,161,815943047,1,1,9,30,61,93,127,64.0
289,161,816221616,1,1,12,27,59,90,120,61.6
290,161,816231766,1,0,20,34,59,83,98,58.800000000000004
291,161,816233670,1,1,27,34,67,86,114,65.6
292,161,816234152,1,1,20,37,75,112,144,77.6
293,161,817129456,1,1,6,32,76,101,120,67.0
294,161,817130217,1,1,9,28,59,95,119,62.0
295,161,815929476,1,1,3,24,57,101,150,67.0
296,161,816219466,1,1,13,36,58,68,102,55.400000000000006
297,161,816222407,1,1,7,21,42,71,114,51.0
298,161,816222412,1,1,7,28,43,81,95,50.8
299,161,816234160,1,1,3,19,43,49,65,35.8
300,161,816236404,1,0,0,0,0,6,39,9.0
301,161,817120019,1,1,11,30,64,90,112,61.400000000000006
302,161,817131477,1,1,4,26,63,87,128,61.6
303,161,815931595,1,1,9,25,55,87,125,60.2
304,161,816218406,1,1,0,0,1,1,21,4.6000000000000005
305,161,816232470,1,1,6,17,28,35,56,28.400000000000006
306,161,816236672,1,1,13,24,51,58,94,48.0
307,161,817119460,1,1,22,48,76,111,143,80.0
308,161,817131199,1,1,15,39,68,100,128,70.0
309,161,817131424,1,1,8,28,53,82,113,56.800000000000004
310,161,816217270,1,1,9,30,65,103,122,65.80000000000001
311,161,816221562,1,0,0,0,0,0,22,4.4
312,161,816232546,1,1,0,0,2,3,31,7.2
313,161,816233701,1,1,17,40,76,93,128,70.80000000000001
314,161,816233975,1,1,5,23,45,71,93,47.400000000000006
315,161,816234422,1,0,3,11,19,43,61,27.4
316,161,815733119,1,1,24,41,86,103,130,76.80000000000001
317,161,815942764,1,1,2,11,40,58,72,36.6
318,161,816221497,1,1,15,18,44,61,87,45.0
319,161,816221625,1,0,16,22,34,37,43,30.400000000000006
320,161,816231904,1,1,5,12,50,77,106,50.0
321,161,816232674,1,1,17,34,65,89,114,63.8
322,161,816233602,1,1,12,21,36,70,100,47.8
323,161,817119966,1,1,10,25,64,81,97,55.400000000000006
324,161,815939251,1,1,8,27,43,71,89,47.6
325,161,817129066,1,1,12,36,60,82,119,61.8
326,161,817130110,1,1,18,42,73,93,135,72.2
327,161,815720419,1,1,11,28,48,67,119,54.60000000000001
328,161,816219465,1,1,10,31,59,71,102,54.60000000000001
329,161,816223120,1,1,5,12,36,60,103,43.2
330,161,815939214,1,1,11,34,52,77,103,55.4
331,161,816221666,1,0,18,28,38,47,90,44.2
332,161,816222504,1,1,13,25,53,78,122,58.2
333,161,816228064,1,1,5,11,22,40,60,27.6
334,161,816231752,1,1,14,16,65,70,112,55.400000000000006
335,161,816231794,1,0,25,28,40,63,96,50.400000000000006
336,161,816232611,1,1,10,31,56,76,119,58.400000000000006
337,161,817128642,1,1,13,17,55,74,102,52.2
338,161,817131640,1,1,0,20,54,56,78,41.6
339,161,815957941,1,0,10,17,26,45,81,35.8
340,161,816221002,1,1,27,38,65,108,140,75.6
341,161,816228019,1,0,6,29,51,68,123,55.400000000000006
342,161,816231906,1,1,12,24,42,85,127,58.0
343,161,816232275,1,1,13,30,76,93,113,65.0
344,161,817119407,1,1,11,29,59,80,102,56.2
345,161,817130166,1,1,4,11,51,93,127,57.2
346,161,815725011,1,1,8,22,36,48,79,38.6
347,161,815733059,1,1,6,16,36,52,67,35.4
348,161,815928706,1,0,17,37,58,77,107,59.2
349,161,815938692,1,1,3,26,52,73,92,49.2
350,161,816217274,1,1,5,21,53,79,110,53.6
351,161,816233765,1,1,13,23,64,84,131,63.0
352,161,817119991,1,1,15,28,41,66,110,52.00000000000001
353,161,817120700,1,1,15,32,51,63,107,53.60000000000001
354,161,815942641,1,1,5,38,67,107,161,75.60000000000001
355,161,816218502,1,0,12,36,64,104,154,74.0
356,161,816221510,1,1,23,42,67,98,147,75.4
357,161,816230225,1,1,8,21,26,48,62,33.0
358,161,816231454,1,0,18,40,59,75,104,59.2
359,161,817120419,1,1,13,17,48,64,93,47.0
360,161,817132294,1,1,19,35,57,78,101,58.00000000000001
361,161,817132404,1,1,9,19,46,57,86,43.400000000000006
362,161,816221540,1,1,26,41,76,98,139,76.0
363,161,816222451,1,1,8,17,39,44,83,38.2
364,161,816230660,1,1,9,23,42,52,69,39.0
365,161,816231554,1,1,7,27,51,76,122,56.60000000000001
366,161,815932072,1,1,5,22,47,64,104,48.400000000000006
367,161,815957126,1,1,26,47,100,123,165,92.2
368,161,815959790,1,1,8,24,54,79,104,53.8
369,161,816220104,1,0,18,34,50,82,112,59.2
370,161,816221914,1,1,20,33,55,78,128,62.800000000000004
371,161,816234495,1,1,8,28,63,95,122,63.2
372,161,817130190,1,1,18,37,63,73,124,63.0
373,161,815726646,1,1,9,28,65,96,118,63.2
374,161,816219247,1,1,15,26,53,69,105,53.6
375,161,816222044,1,1,10,12,29,34,67,30.4
376,161,816232612,1,1,3,15,48,68,99,46.60000000000001
377,161,816233662,1,1,14,31,45,63,87,48.0
378,161,816233950,1,1,0,11,65,95,131,60.400000000000006
379,161,816236167,1,1,22,44,76,107,128,75.4
380,161,816236592,1,1,5,24,53,80,108,54.00000000000001
381,161,815725442,1,1,17,31,59,80,112,59.80000000000001
382,161,815955072,1,0,8,14,29,54,84,37.8
383,161,815931191,1,1,14,21,44,83,106,53.60000000000001
384,161,816220561,1,1,14,28,52,75,91,52.0
385,161,816222950,1,1,8,10,44,76,108,49.2
386,161,816234071,1,1,8,14,26,36,43,25.4
387,161,816236412,1,0,13,33,54,79,120,59.8
388,161,817128052,1,1,13,26,50,74,93,51.2
389,161,815727655,1,1,7,7,40,76,117,49.400000000000006
390,161,815932079,1,0,0,0,0,13,56,13.8
391,161,816219440,1,0,13,29,65,99,153,71.80000000000001
392,161,816231915,1,1,0,0,7,16,42,13.0
393,161,815716655,1,1,13,35,44,55,66,42.6
394,161,815725241,1,1,14,26,58,83,95,55.2
395,161,816220106,1,1,14,31,60,91,110,61.2
396,161,816230462,1,1,18,46,89,118,148,83.80000000000001
397,161,816231296,1,1,15,30,69,80,88,56.4
398,161,815931570,1,1,6,8,19,33,37,20.6
399,161,816234122,1,1,7,23,38,63,100,46.2
400,161,817118455,1,1,9,26,61,83,106,57.00000000000001
401,161,817120514,1,1,15,31,63,78,113,60.00000000000001
402,161,817131575,1,1,13,26,64,87,121,62.2
403,161,815932692,1,1,11,26,68,83,110,59.6
404,161,816221564,1,1,10,21,51,77,112,54.2
405,161,816230229,1,1,15,21,42,71,100,49.800000000000004
406,161,816231721,1,0,0,1,17,27,61,21.200000000000003
407,161,816231919,1,1,0,14,36,80,124,50.8
408,161,817130257,1,1,13,33,61,91,119,63.400000000000006
409,161,816221517,1,1,16,38,77,105,139,75.0
410,161,816223111,1,1,7,21,56,89,119,58.400000000000006
411,161,817131092,1,1,14,33,61,72,96,55.2
412,161,817132272,1,1,21,33,63,92,107,63.2
413,161,815950654,1,1,10,27,61,96,124,63.60000000000001
414,161,816233454,1,1,15,29,47,63,94,49.60000000000001
415,161,816233692,1,1,20,26,53,80,106,57.0
416,161,816233921,1,1,14,40,64,105,140,72.6
417,161,816234104,1,1,16,32,73,100,124,69.0
418,161,816236559,1,1,20,32,53,86,125,63.2
419,161,817128710,1,0,0,2,9,30,56,19.4
420,161,815932222,1,1,5,13,30,53,90,38.2
421,161,816236922,1,1,13,21,41,54,73,40.400000000000006
422,161,817130250,1,1,16,24,50,75,101,53.2
423,161,815732664,1,1,9,19,41,51,64,36.8
424,161,815733000,1,1,11,40,71,103,148,74.6
425,161,816220514,1,1,18,26,66,89,123,64.4
426,161,816221615,1,1,20,43,64,96,121,68.80000000000001
427,161,816221965,1,1,4,18,47,73,124,53.2
428,161,816231761,1,1,10,32,67,92,138,67.80000000000001
429,161,816233679,1,1,11,27,56,76,123,58.6
430,161,817131449,1,1,9,32,59,85,109,58.8
431,161,815733020,1,1,6,20,70,113,141,70.0
432,161,815927725,1,0,15,36,45,78,119,58.599999999999994
433,161,815957140,1,1,14,20,41,67,102,48.800000000000004
434,161,816218469,1,1,28,43,72,116,156,83.0
435,161,816219654,1,1,2,11,31,54,80,35.6
436,161,816221566,1,1,15,32,59,89,113,61.6
437,161,816231775,1,1,4,20,43,73,94,46.8
438,161,816232670,1,1,17,40,74,98,145,74.80000000000001
439,161,816233471,1,1,15,31,76,98,139,71.8
440,161,816233656,1,1,7,29,54,79,109,55.599999999999994
441,161,817128641,1,1,22,48,68,94,132,72.80000000000001
442,161,815733006,1,1,8,26,67,94,120,63.0
443,161,815928607,1,0,10,32,48,82,117,57.80000000000001
444,161,816222466,1,1,18,50,80,110,145,80.6
445,161,816223194,1,1,8,28,53,74,117,56.000000000000014
446,161,816228072,1,1,9,32,52,82,110,57.0
447,161,817128712,1,0,20,27,27,56,92,44.400000000000006
448,161,815725024,1,1,6,21,60,67,104,51.599999999999994
449,161,816233650,1,1,12,30,46,84,108,56.00000000000001
450,161,816234110,1,1,13,28,47,73,105,53.2
451,161,817131074,1,1,13,28,57,88,119,61.0
452,161,816216500,1,1,18,30,59,78,116,60.2
453,161,816220109,1,1,5,20,56,80,98,51.800000000000004
454,161,816232577,1,1,12,37,70,86,124,65.8
455,161,816233611,1,0,3,7,16,28,56,22.0
456,161,817120176,1,1,5,20,48,86,114,54.6
457,161,817131566,1,1,10,24,45,71,107,51.400000000000006
458,161,815956751,1,1,3,10,36,67,93,41.800000000000004
459,161,816217297,1,0,16,29,45,63,130,56.6
460,161,816218572,1,1,13,38,76,96,113,67.20000000000002
461,161,816221526,1,0,0,0,0,0,0,0.0
462,161,816221955,1,1,23,52,93,109,142,83.80000000000001
463,161,815932022,1,1,14,29,57,87,128,63.00000000000001
464,161,816221977,1,1,17,52,95,131,178,94.6
465,161,816233961,1,1,7,31,52,96,112,59.60000000000001
466,161,817120742,1,1,7,17,39,70,112,49.0
467,161,815733146,1,0,12,25,60,92,140,65.8
468,161,815950640,1,0,1,4,26,67,115,42.6
469,161,815954459,1,1,13,30,70,100,130,68.6
470,161,816221447,1,1,24,50,83,105,142,80.80000000000001
471,161,817120290,1,0,11,11,11,18,76,25.400000000000002
472,161,815713505,1,1,13,29,64,80,130,63.2
473,161,815733005,1,1,8,29,44,60,75,43.2
474,161,816222405,1,1,10,34,68,82,113,61.400000000000006
475,161,816231774,1,0,0,4,9,31,58,20.400000000000002
476,161,817119002,1,1,10,26,58,78,89,52.2
477,161,817119457,1,1,25,40,61,66,97,57.80000000000001
478,161,815732465,1,1,15,36,65,79,120,63.0
479,161,816218442,1,1,16,35,63,99,131,68.80000000000001
480,161,816231790,1,1,25,51,70,104,144,78.8
481,161,816233957,1,1,15,37,61,91,129,66.6
482,161,816235696,1,0,9,32,57,86,119,60.599999999999994
483,161,817119744,1,1,9,25,45,61,75,43.0
484,161,817131611,1,1,12,31,68,105,122,67.60000000000001
485,161,815723951,1,1,18,36,67,93,121,67.0
486,161,815933791,1,1,17,37,59,72,88,54.6
487,161,816216526,1,1,2,7,39,76,105,45.800000000000004
488,161,816223156,1,1,12,32,66,106,140,71.2
489,161,816233456,1,1,12,37,67,92,126,66.80000000000001
490,161,816233719,1,1,7,27,58,88,122,60.400000000000006
491,161,816233750,1,1,10,29,61,96,112,61.60000000000001
492,161,817130964,1,1,4,12,39,59,79,38.6
493,161,815725057,1,1,14,28,59,87,133,64.20000000000002
494,161,815726421,1,1,2,15,53,86,122,55.60000000000001
495,161,815932051,1,0,18,32,53,75,118,59.2
496,161,815950672,1,1,5,19,47,65,90,45.2
497,161,816218525,1,1,8,33,69,99,132,68.2
498,161,816219471,1,1,6,12,38,73,107,47.2
499,161,816221945,1,1,15,31,76,95,136,70.6
500,161,816231241,1,1,15,29,55,70,86,51.0
501,161,816232504,1,1,9,15,45,74,98,48.2
502,161,815725077,1,1,1,6,32,56,81,35.2
503,161,816220590,1,1,12,33,76,93,129,68.60000000000001
504,161,816221567,1,1,5,19,43,66,89,44.400000000000006
505,161,816223174,1,0,10,20,42,50,64,37.2
506,161,816230464,1,1,14,27,69,92,123,65.0
507,161,815725661,1,1,18,36,70,96,126,69.2
508,161,815960774,1,0,14,29,40,58,80,44.2
509,161,816221565,1,1,17,19,52,80,115,56.6
510,161,816232569,1,1,17,29,47,85,108,57.2
511,161,816232575,1,1,12,18,27,43,58,31.6
512,161,816234016,1,1,12,29,65,96,108,62.00000000000001
513,161,815726025,1,1,20,32,70,89,123,66.80000000000001
514,161,815726462,1,1,2,32,60,62,90,49.2
515,161,816222459,1,0,13,32,55,83,103,57.2
516,161,816234060,1,0,0,0,0,0,17,3.4000000000000004
517,161,815725456,1,1,24,47,91,108,126,79.2
518,161,815931500,1,1,12,35,54,75,109,57.0
519,161,815959747,1,1,19,31,61,91,119,64.2
520,161,816218494,1,1,24,42,79,115,156,83.2
521,161,816222091,1,1,7,22,49,67,129,54.8
522,161,816234775,1,1,16,40,79,105,154,78.8
523,161,815932052,1,1,13,37,71,96,131,69.60000000000001
524,161,816218529,1,1,14,33,61,91,138,67.4
525,161,816220076,1,1,5,14,56,87,115,55.400000000000006
526,161,816231227,1,1,22,26,69,92,137,69.2
527,161,816231667,1,1,8,27,54,77,123,57.800000000000004
528,161,816233465,1,1,3,20,51,69,110,50.6
529,161,816234025,1,1,6,23,43,44,69,37.0
530,161,815943029,1,1,8,21,37,67,91,44.8
531,161,815953559,1,0,2,2,11,50,82,29.400000000000002
532,161,816219105,1,1,13,29,71,112,137,72.4
533,161,816219449,1,1,19,45,86,110,145,81.0
534,161,816221956,1,1,1,11,35,43,89,35.8
535,161,816229004,1,0,0,0,0,0,9,1.8
536,161,816231754,1,1,15,35,64,94,154,72.4
537,161,816232679,1,1,20,35,66,86,113,64.0
538,161,815939210,1,1,8,16,62,94,132,62.400000000000006
539,161,815950904,1,1,16,33,68,86,123,65.2
540,161,816218066,1,1,14,31,52,66,96,51.800000000000004
541,161,816218909,1,1,0,0,35,63,78,35.2
542,161,816221970,1,1,13,27,40,54,79,42.6
543,161,816232700,1,0,15,35,52,61,84,49.400000000000006
544,161,817131507,1,1,5,26,56,84,126,59.400000000000006
545,161,815939227,1,1,13,27,49,78,113,56.00000000000001
546,161,817128909,1,1,14,44,55,87,106,61.2
547,161,815727445,1,0,8,25,56,79,111,55.800000000000004
548,161,815943059,1,1,3,7,31,67,83,38.2
549,161,815950525,1,0,17,40,76,95,122,70.0
550,161,816222072,1,1,13,26,63,93,115,62.0
551,161,816222440,1,0,9,17,38,49,98,42.2
552,161,816222452,1,1,21,36,62,90,113,64.4
553,161,816231765,1,1,7,7,10,21,60,21.0
554,161,816233479,1,1,6,15,28,44,64,31.400000000000002
555,161,816234106,1,1,20,24,69,98,140,70.2
556,161,817131190,1,1,12,28,45,73,115,54.6
557,161,816230404,1,1,10,28,53,89,110,58.0
558,161,816233726,1,1,11,27,72,99,138,69.4
559,161,816233952,1,1,15,41,67,79,116,63.60000000000001
560,161,816234702,1,1,7,35,53,95,119,61.8
561,161,816236470,1,1,11,24,63,84,113,59.00000000000001
562,161,816219060,1,1,9,28,60,78,103,55.6
563,161,816219614,1,1,5,28,45,66,92,47.2
564,161,816221664,1,0,10,20,43,70,89,46.400000000000006
565,161,816236591,1,1,17,41,79,104,138,75.80000000000001
566,161,815733054,1,1,11,34,70,89,129,66.6
567,161,815955151,1,0,14,34,41,59,83,46.2
568,161,815959774,1,1,14,33,66,94,142,69.80000000000001
569,161,816217974,1,0,20,36,68,99,142,73.0
570,161,816220521,1,1,20,33,66,100,145,72.80000000000001
571,161,816220564,1,1,16,29,64,92,129,66.0
572,161,816233704,1,1,16,22,54,86,114,58.400000000000006
573,161,816222071,1,1,17,25,50,93,121,61.2
574,161,816233627,1,0,11,31,40,59,84,45.0
575,161,816236656,1,1,7,22,50,66,89,46.8
576,161,816236916,1,1,1,21,42,67,105,47.2
577,161,817131100,1,1,17,31,52,68,108,55.2
578,161,816217771,1,1,21,24,58,71,97,54.2
579,161,816232490,1,1,19,36,63,87,117,64.4
580,161,816234174,1,1,1,20,38,52,89,40.0
581,161,817131407,1,1,8,22,53,72,94,49.8
582,161,815932207,1,1,3,3,13,21,21,12.2
583,161,816216506,1,1,23,39,63,87,104,63.2
584,161,816222421,1,1,4,29,59,90,123,61.00000000000001
585,161,816230016,1,1,5,14,37,50,68,34.800000000000004
586,161,816231124,1,1,15,31,54,82,135,63.400000000000006
587,161,816231779,1,0,7,9,34,67,103,44.0
588,161,816233904,1,1,13,30,60,74,109,57.2
589,161,816234094,1,1,6,24,69,99,122,64.0
590,161,816234290,1,1,9,29,52,74,100,52.8
591,161,815929175,1,1,2,9,41,71,114,47.400000000000006
592,161,815942921,1,1,11,22,51,75,119,55.6
593,161,815957022,1,0,11,24,53,86,132,61.2
594,161,815958065,1,1,9,14,57,88,124,58.400000000000006
595,161,816231695,1,1,6,7,40,56,75,36.800000000000004
596,161,816232076,1,1,10,25,43,58,101,47.400000000000006
597,161,816233676,1,1,16,36,65,86,126,65.8
598,161,816237021,1,1,14,29,65,72,103,56.6
599,161,815725715,1,1,6,16,52,79,119,54.400000000000006
600,161,815726420,1,1,9,29,51,80,107,55.2
601,161,815929041,1,1,17,33,79,97,136,72.4
602,161,815931494,1,1,6,11,48,76,94,47.0
603,161,815954900,1,1,15,24,57,89,99,56.8
604,161,816222417,1,1,16,39,80,110,145,78.0
605,161,816224241,1,0,5,10,33,66,102,43.2
606,161,817120115,1,1,9,18,37,63,93,44.0
607,161,815732244,1,0,4,22,31,55,101,42.6
608,161,815949921,1,1,6,31,59,88,130,62.800000000000004
609,161,815954927,1,1,8,35,68,92,128,66.20000000000002
610,161,816223121,1,1,5,29,53,59,70,43.2
611,161,816231777,1,1,17,37,76,111,131,74.4
612,161,816232619,1,1,11,22,61,99,129,64.4
613,161,816233645,1,1,7,24,41,64,86,44.400000000000006
614,161,817120074,1,0,0,0,0,3,22,5.0
615,161,817128762,1,0,0,0,0,0,11,2.2
616,161,817130669,1,1,13,27,55,82,108,57.00000000000001
617,161,817131629,1,1,21,24,56,75,101,55.400000000000006
618,161,816215614,1,1,1,19,53,80,119,54.400000000000006
619,161,816219121,1,1,30,33,70,104,142,75.80000000000001
620,161,816221722,1,1,18,27,59,89,126,63.800000000000004
621,161,817131410,1,0,8,17,44,72,92,46.60000000000001
622,161,815929640,1,1,12,25,48,91,131,61.400000000000006
623,161,815960757,1,1,11,27,64,95,139,67.2
624,161,815960922,1,1,11,30,61,95,125,64.4
625,161,815721207,1,1,10,27,55,89,127,61.60000000000001
626,161,815725612,1,1,13,36,77,97,125,69.60000000000001
627,161,815929162,1,1,4,23,60,99,132,63.60000000000001
628,161,815955555,1,1,8,20,34,58,88,41.6
629,161,816219299,1,1,25,40,66,98,133,72.4
630,161,816223175,1,1,9,27,72,98,146,70.4
631,161,816231926,1,0,11,33,49,78,98,53.800000000000004
632,161,817118975,1,1,6,22,36,53,89,41.2
633,161,817119725,1,1,8,32,55,77,119,58.2
634,161,817127627,1,1,20,38,49,81,106,58.800000000000004
635,161,815726465,1,1,6,26,45,84,125,57.2
636,161,815733061,1,0,0,0,0,0,0,0.0
637,161,815928725,1,1,17,37,66,81,120,64.2
638,161,815934016,1,1,16,31,47,87,114,59.0
639,161,815942609,1,1,11,32,61,82,130,63.2
640,161,815950652,1,1,11,31,71,97,144,70.8
641,161,815954246,1,1,4,16,38,52,71,36.2
642,161,816232562,1,1,9,32,64,93,139,67.4
643,161,817130565,1,1,13,21,57,91,108,58.00000000000001
644,161,815732249,1,1,1,22,54,100,125,60.400000000000006
645,161,815733116,1,1,9,19,48,61,67,40.800000000000004
646,161,815957545,1,1,15,27,43,72,104,52.2
647,161,815959759,1,1,5,14,59,73,104,51.0
648,161,815960914,1,1,6,23,64,98,148,67.80000000000001
649,161,816221514,1,1,16,29,57,88,126,63.2
650,161,816221571,1,1,12,32,73,97,134,69.60000000000001
651,161,816233469,1,1,14,44,56,75,120,61.800000000000004
652,161,815928075,1,0,13,32,56,88,127,63.2
653,161,815931715,1,1,9,19,55,82,124,57.8
654,161,815960000,1,0,12,32,61,85,117,61.400000000000006
655,161,816219009,1,1,13,32,49,72,113,55.800000000000004
656,161,816222255,1,1,16,35,57,84,124,63.2
657,161,816235510,1,1,0,0,1,2,9,2.4000000000000004
658,161,817118922,1,1,18,34,71,85,124,66.4
659,161,817120492,1,1,11,19,53,67,81,46.2
660,161,817127649,1,1,11,26,58,89,120,60.8
661,161,817128615,1,1,13,27,55,75,98,53.6
662,161,817130406,1,0,0,0,0,1,13,2.8000000000000003
663,161,815725714,1,1,13,30,57,84,122,61.2
664,161,815726644,1,0,0,0,2,31,66,19.8
665,161,815938615,1,1,9,10,21,44,101,37.0
666,161,815943106,1,1,0,7,39,51,104,40.2
667,161,815950954,1,1,7,12,39,56,67,36.2
668,161,815960912,1,1,16,31,68,88,111,62.800000000000004
669,161,816219029,1,1,6,15,20,29,38,21.6
670,161,816221929,1,1,1,8,23,41,57,26.0
671,161,816221975,1,1,8,21,38,59,76,40.400000000000006
672,161,817119444,1,0,14,26,41,61,87,45.80000000000001
673,161,815732496,1,1,1,16,28,33,62,28.0
674,161,815959691,1,1,10,27,54,97,141,65.80000000000001
675,161,816220046,1,1,7,23,37,64,90,44.2
676,161,816229741,1,1,17,33,68,89,122,65.80000000000001
677,161,816233667,1,1,3,21,53,79,95,50.2
678,161,817120142,1,1,11,43,75,106,139,74.8
679,161,817129520,1,1,23,40,73,112,151,79.80000000000001
680,161,815924240,1,1,6,6,35,66,105,43.6
681,161,815960042,1,1,9,28,58,85,120,60.0
682,161,816216527,1,1,11,27,62,103,133,67.2
683,161,816228772,1,1,11,31,60,92,107,60.2
684,161,816230219,1,1,7,29,58,101,146,68.20000000000002
685,161,816233945,1,1,9,35,62,93,123,64.4
686,161,817127797,1,1,10,24,38,46,56,34.800000000000004
687,161,817131070,1,1,8,21,54,78,110,54.2
688,161,817131150,1,1,20,35,55,79,108,59.4
689,161,815723967,1,1,15,51,97,127,151,88.2
690,161,815727451,1,1,1,6,17,47,87,31.6
691,161,815929475,1,1,22,38,73,83,127,68.60000000000001
692,161,815932559,1,1,11,37,63,95,125,66.2
693,161,816232412,1,1,18,32,67,97,145,71.8
694,161,816234012,1,1,15,35,69,83,124,65.2
695,161,817129590,1,1,18,41,79,98,119,71.0
696,161,815723962,1,1,4,12,29,44,70,31.8
697,161,815726656,1,1,17,29,65,100,134,69.0
698,161,816218595,1,0,15,37,65,94,123,66.80000000000001
699,161,816228942,1,1,10,33,51,83,111,57.60000000000001
700,161,816234296,1,1,11,23,38,56,106,46.800000000000004
701,161,816235492,1,1,14,36,67,94,133,68.80000000000001
702,161,817127597,1,1,20,47,80,106,127,76.0
703,161,817127626,1,1,13,33,56,57,85,48.800000000000004
704,161,816216624,1,1,17,29,58,85,125,62.800000000000004
705,161,816222042,1,1,17,46,72,79,118,66.4
706,161,816233742,1,1,10,33,65,107,155,74.0
707,161,816236164,1,1,16,31,65,87,130,65.8
708,161,815725242,1,0,9,20,30,50,93,40.400000000000006
709,161,815959966,1,0,0,0,0,1,13,2.8000000000000003
710,161,816219626,1,1,14,35,67,93,127,67.2
711,161,816221551,1,1,7,30,59,84,111,58.2
712,161,816236746,1,1,20,23,59,84,124,62.0
713,161,817130119,1,1,8,8,43,61,100,44.0
714,161,815929210,1,1,16,28,64,96,120,64.80000000000001
715,161,815959761,1,1,10,31,52,77,118,57.6
716,161,816216679,1,0,0,0,0,9,51,12.000000000000002
717,161,816217710,1,1,17,43,72,86,113,66.19999999999999
718,161,816222426,1,1,13,33,59,100,132,67.4
719,161,816230291,1,1,12,19,51,72,104,51.60000000000001
720,161,816232610,1,1,23,51,83,117,150,84.80000000000001
721,161,816232671,1,1,17,30,64,102,145,71.60000000000001
722,161,816236940,1,0,13,35,51,64,97,52.0
723,161,815929496,1,1,14,44,87,122,169,87.20000000000002
724,161,815959990,1,1,9,33,55,68,118,56.6
725,161,816219156,1,1,20,30,59,85,109,60.599999999999994
726,161,816236770,1,0,1,35,62,94,121,62.60000000000001
727,161,817131644,1,1,0,0,21,25,56,20.4
728,161,815732265,1,1,5,25,61,81,115,57.400000000000006
729,161,815932524,1,1,19,44,76,106,154,79.80000000000001
730,161,815959746,1,1,10,27,45,61,92,47.0
731,161,816228540,1,0,19,39,59,96,148,72.20000000000002
732,161,816231441,1,1,9,21,50,78,117,55.0
733,161,816232542,1,1,13,30,55,93,114,61.0
734,161,816232672,1,1,15,39,80,103,130,73.4
735,161,816233462,1,0,5,24,40,61,89,43.8
736,161,816233992,1,1,19,43,81,112,171,85.2
737,161,815725407,1,1,17,22,44,56,74,42.60000000000001
738,161,815959757,1,1,3,29,53,66,89,48.0
739,161,816218050,1,1,6,20,42,58,96,44.400000000000006
740,161,816222444,1,1,1,23,43,64,90,44.2
741,161,816224216,1,1,16,36,84,121,150,81.4
742,161,816232596,1,1,18,34,60,85,119,63.2
743,161,816234271,1,0,17,38,72,98,132,71.4
744,161,815726660,1,1,13,29,60,83,113,59.6
745,161,815726677,1,1,16,31,55,77,92,54.2
746,161,815727415,1,1,11,30,47,62,90,48.0
747,161,815955162,1,1,7,21,27,37,52,28.799999999999997
748,161,816221541,1,1,20,34,66,85,115,64.0
749,161,816236606,1,0,12,27,39,70,98,49.2
750,161,815929624,1,1,17,28,56,64,95,52.0
751,161,815955165,1,0,0,0,0,3,41,8.8
752,161,816221607,1,1,11,35,70,86,117,63.8
753,161,815929056,1,1,15,38,83,109,161,81.2
754,161,815931162,1,1,9,29,49,82,123,58.400000000000006
755,161,815954294,1,0,10,26,45,71,110,52.4
756,161,816219444,1,1,11,13,33,48,68,34.60000000000001
757,161,816219647,1,1,15,39,76,99,115,68.8
758,161,816228909,1,1,12,24,51,74,105,53.2
759,161,816233995,1,1,19,31,77,112,163,80.4
760,161,816234140,1,1,5,11,45,82,110,50.6
761,161,816234456,1,1,2,22,48,74,127,54.60000000000001
762,161,816236921,1,1,10,31,64,86,123,62.800000000000004
763,161,817119757,1,0,4,17,44,66,96,45.400000000000006
764,161,817130026,1,0,13,38,52,72,114,57.8
765,161,815725667,1,1,12,21,35,72,117,51.400000000000006
766,161,815960206,1,1,8,23,57,79,115,56.400000000000006
767,161,816219646,1,1,17,36,52,77,114,59.2
768,161,816220072,1,1,7,31,69,88,126,64.2
769,161,816233922,1,1,18,29,64,103,135,69.80000000000001
770,161,817120669,1,1,5,18,56,97,124,60.0
771,161,817131550,1,0,7,24,43,72,97,48.60000000000001
772,161,815733105,1,1,10,26,56,79,109,56.0
773,161,815942760,1,1,22,31,43,56,78,46.00000000000001
774,161,815954792,1,1,9,29,68,93,125,64.80000000000001
775,161,815957052,1,1,17,33,67,104,142,72.60000000000001
776,161,816231077,1,1,5,21,29,35,59,29.8
777,161,816233725,1,1,8,23,59,85,119,58.8
778,161,816237076,1,1,22,44,73,103,132,74.80000000000001
779,161,817129797,1,1,10,25,50,83,119,57.400000000000006
780,161,815959791,1,1,8,19,47,71,87,46.400000000000006
781,161,816227772,1,1,4,9,28,44,83,33.6
782,161,816231496,1,1,25,48,82,104,138,79.4
783,161,816234121,1,1,4,15,39,59,80,39.400000000000006
784,161,817127551,1,1,18,32,49,64,88,50.2
785,161,817130499,1,1,13,30,48,72,95,51.6
786,161,815960954,1,1,7,27,68,95,116,62.60000000000001
787,161,816231916,1,1,10,26,54,73,95,51.6
788,161,816232524,1,1,13,27,68,93,110,62.2
789,161,817130124,1,1,4,28,50,72,110,52.8
790,161,815733042,1,1,9,29,64,77,100,55.800000000000004
791,161,815955690,1,1,18,36,57,67,86,52.8
792,161,816220126,1,1,19,38,62,76,108,60.6
793,161,816230915,1,1,8,24,45,63,99,47.8
794,161,816232549,1,1,20,26,61,95,120,64.4
795,161,816232646,1,1,7,36,52,78,126,59.800000000000004
796,161,815720405,1,0,6,9,10,16,37,15.6
797,161,815732979,1,0,5,15,40,84,111,51.0
798,161,815959915,1,1,9,21,45,59,79,42.6
799,161,816222406,1,1,13,34,58,81,131,63.400000000000006
800,161,817119654,1,0,16,31,51,73,103,54.800000000000004
801,161,817127795,1,1,7,24,45,69,95,48.0
802,161,815733104,1,0,7,11,22,27,44,22.200000000000003
803,161,815929049,1,1,8,25,55,80,99,53.400000000000006
804,161,815929446,1,1,10,19,46,68,93,47.2
805,161,815929505,1,1,21,43,70,92,115,68.2
806,161,816219446,1,1,20,32,62,95,148,71.4
807,161,816222414,1,1,12,36,78,120,154,80.0
808,161,816230144,1,1,14,24,60,78,117,58.60000000000001
809,161,816232620,1,1,28,34,55,76,117,62.0
810,161,816233997,1,1,22,35,57,106,147,73.4
811,161,816234255,1,1,20,49,85,106,137,79.4
812,161,817129505,1,0,4,16,37,65,89,42.2
813,161,815929470,1,1,25,41,61,90,114,66.2
814,161,815932227,1,1,10,25,52,60,86,46.599999999999994
815,161,816222045,1,1,12,35,73,116,148,76.80000000000001
816,161,816233652,1,1,6,19,44,54,82,41.0
817,161,816233947,1,1,14,32,58,82,125,62.2
818,161,816236245,1,1,14,38,81,117,150,80.0
819,161,817118692,1,1,7,27,51,86,106,55.400000000000006
820,161,817130114,1,1,2,21,48,81,125,55.400000000000006
821,161,815733112,1,1,8,31,62,97,122,64.00000000000001
822,161,815943099,1,1,14,31,50,73,94,52.400000000000006
823,161,816216919,1,1,10,27,65,89,119,62.0
824,161,816234129,1,1,14,28,92,125,162,84.2
825,161,815726650,1,1,15,37,84,104,144,76.8
826,161,815928775,1,1,16,36,62,93,119,65.2
827,161,815955224,1,1,22,33,59,75,124,62.599999999999994
828,161,815957059,1,1,7,23,35,55,90,42.0
829,161,815958291,1,1,19,37,65,87,124,66.4
830,161,816221495,1,1,8,19,42,61,93,44.6
831,161,816235006,1,1,17,45,75,114,141,78.4
832,161,816236649,1,1,10,19,28,45,70,34.400000000000006
833,161,816221499,1,1,11,36,63,97,110,63.400000000000006
834,161,817120101,1,0,0,0,0,0,26,5.2
835,161,816216916,1,1,5,14,39,83,126,53.400000000000006
836,161,816219642,1,1,7,25,41,55,64,38.400000000000006
837,161,816221549,1,1,14,34,59,84,109,60.0
838,161,816234207,1,1,10,18,51,77,117,54.60000000000001
839,161,817120261,1,1,1,14,43,60,98,43.2
840,161,817128721,1,1,5,19,57,72,107,52.0
841,161,815929216,1,1,4,20,53,81,120,55.6
842,161,815932715,1,1,16,25,69,86,120,63.2
843,161,815938706,1,1,13,19,42,61,96,46.2
844,161,816222410,1,1,5,21,38,48,51,32.6
845,161,816223576,1,1,8,21,52,70,92,48.60000000000001
846,161,816224565,1,1,12,30,41,64,96,48.60000000000001
847,161,817119674,1,1,17,35,53,77,125,61.4
848,161,815725012,1,0,8,23,46,60,84,44.2
849,161,815928707,1,1,11,23,66,86,135,64.2
850,161,815934127,1,1,3,5,29,44,62,28.6
851,161,815942601,1,1,18,27,54,76,110,57.0
852,161,815950649,1,1,24,31,46,61,76,47.60000000000001
853,161,815955229,1,0,10,33,52,84,121,60.0
854,161,816228905,1,1,10,17,41,67,102,47.400000000000006
855,161,816233901,1,1,15,28,53,76,106,55.60000000000001
856,161,817119711,1,0,0,0,0,24,62,17.200000000000003
857,161,815726694,1,1,5,24,59,71,103,52.400000000000006
858,161,815928740,1,1,20,33,73,86,118,66.0
859,161,815928795,1,1,13,27,60,96,138,66.80000000000001
860,161,815954124,1,1,13,36,68,100,114,66.2
861,161,815955600,1,1,8,22,58,84,119,58.2
862,161,817130142,1,1,9,22,62,91,125,61.8
863,161,815733067,1,1,5,29,39,59,93,45.0
864,161,815929099,1,1,10,26,62,90,134,64.4
865,161,815957927,1,1,13,26,54,56,83,46.400000000000006
866,161,816231492,1,1,17,37,73,115,144,77.2
867,161,816234002,1,0,20,37,61,93,127,67.60000000000001
868,161,817119404,1,0,16,37,56,84,125,63.60000000000001
869,161,817130461,1,1,16,29,59,81,90,55.0
870,161,815957171,1,1,14,42,69,103,131,71.80000000000001
871,161,816221507,1,1,7,27,53,68,99,50.800000000000004
872,161,816222422,1,1,10,30,74,92,129,67.0
873,161,815959651,1,1,12,32,76,108,146,74.80000000000001
874,161,815959794,1,1,13,45,65,100,139,72.4
875,161,815959906,1,0,3,3,12,41,69,25.6
876,161,816219101,1,0,7,24,39,63,98,46.2
877,161,816222461,1,0,0,0,2,10,53,13.000000000000002
878,161,816236519,1,1,9,21,52,69,114,53.0
879,161,815733029,1,1,11,23,39,52,77,40.4
880,161,816227062,1,1,16,38,62,95,126,67.4
881,161,816232226,1,1,5,24,56,85,106,55.2
882,161,816234046,1,1,6,17,36,54,77,38.0
883,161,816235945,1,1,0,0,10,33,65,21.6
884,161,815726614,1,1,19,36,57,90,113,63.0
885,161,815932006,1,1,2,17,57,90,123,57.800000000000004
886,161,816218547,1,1,17,36,60,72,107,58.400000000000006
887,161,816231747,1,1,6,30,53,85,115,57.8
888,161,817120557,1,1,11,30,58,65,91,51.0
889,161,817131147,1,1,11,29,56,87,142,65.00000000000001
890,161,815931544,1,0,18,36,53,71,93,54.2
891,161,815932069,1,1,8,33,69,98,126,66.80000000000001
892,161,815939921,1,1,14,33,76,115,148,77.2
893,161,816221916,1,1,12,30,64,87,103,59.20000000000001
894,161,816234466,1,1,0,0,2,2,29,6.6000000000000005
895,161,817131499,1,1,11,23,32,58,91,43.0
896,161,815725009,1,1,25,48,68,100,134,75.0
897,161,815732521,1,1,15,24,48,85,135,61.400000000000006
898,161,815733147,1,1,10,26,56,76,116,56.800000000000004
899,161,815931619,1,1,12,29,61,77,112,58.2
900,161,816232452,1,1,12,22,47,90,127,59.60000000000001
901,161,816234151,1,1,3,28,56,82,100,53.800000000000004
902,161,815726456,1,1,8,16,42,69,93,45.6
903,161,815931614,1,1,8,10,34,66,105,44.6
904,161,815933171,1,1,0,0,1,2,36,7.800000000000001
905,161,816222952,1,1,14,25,55,76,110,56.0
906,161,816228655,1,1,4,33,72,80,116,61.0
907,161,816230526,1,1,5,26,73,111,159,74.8
908,161,816234249,1,1,9,28,57,78,101,54.60000000000001
909,161,816234276,1,0,11,33,46,80,97,53.400000000000006
910,161,817119467,1,1,11,19,47,84,111,54.400000000000006
911,161,816221425,1,1,5,25,63,97,139,65.8
912,161,816221520,1,0,8,22,36,57,90,42.6
913,161,816221579,1,1,23,34,82,113,139,78.2
914,161,816234504,1,0,10,34,46,59,78,45.400000000000006
915,161,815725671,1,0,16,24,47,78,112,55.400000000000006
916,161,815733012,1,1,18,36,67,94,129,68.8
917,161,815954164,1,1,8,18,48,78,104,51.2
918,161,816221997,1,1,15,30,51,71,94,52.2
919,161,815725415,1,1,11,21,44,58,83,43.400000000000006
920,161,815733011,1,1,0,13,42,68,103,45.2
921,161,815928755,1,1,20,34,78,127,175,86.80000000000001
922,161,815938699,1,1,22,29,45,57,98,50.2
923,161,815939205,1,0,20,38,73,112,152,79.00000000000001
924,161,816232697,1,1,11,32,72,104,160,75.8
925,161,817119442,1,1,9,29,70,98,108,62.800000000000004
926,161,817129701,1,1,9,28,57,88,120,60.400000000000006
927,161,815732472,1,1,0,18,37,63,115,46.6
928,161,816233649,1,0,16,26,47,66,115,54.0
929,161,815733106,1,1,26,59,93,125,161,92.80000000000001
930,161,816228920,1,1,13,16,48,70,106,50.60000000000001
931,161,815732997,1,1,26,40,70,90,119,69.0
932,161,815957042,1,1,1,18,40,73,118,50.0
933,161,815957552,1,1,7,21,51,83,118,56.00000000000001
934,161,816221525,1,1,14,31,55,86,127,62.60000000000001
935,161,815725026,1,1,11,33,58,71,86,51.8
936,161,815733121,1,1,17,45,77,108,141,77.60000000000001
937,161,815928427,1,1,16,33,72,110,146,75.4
938,161,815928747,1,1,0,2,34,50,83,33.800000000000004
939,161,815953590,1,1,15,32,53,88,118,61.2
940,161,815953924,1,1,13,31,57,91,134,65.2
941,161,815955201,1,1,9,26,34,57,102,45.60000000000001
942,161,815960769,1,1,22,51,70,95,106,68.80000000000001
943,161,816221504,1,1,12,22,60,87,107,57.60000000000001
944,161,816230176,1,1,20,39,57,87,90,58.60000000000001
945,161,817120674,1,1,16,33,71,98,134,70.4
946,161,815957047,1,1,8,24,57,88,108,57.00000000000001
947,161,816221524,1,1,12,25,62,90,116,61.0
948,161,816231664,1,1,0,13,38,76,118,49.0
949,161,816234146,1,1,10,32,52,68,109,54.2
950,161,816236106,1,1,4,11,24,27,38,20.8
951,161,817118906,1,1,12,24,45,78,117,55.2
952,161,817120502,1,1,4,18,52,72,103,49.800000000000004
953,161,817131044,1,1,12,18,49,71,109,51.8
954,161,815725590,1,1,11,28,59,79,97,54.80000000000001
955,161,815939266,1,1,13,22,47,49,77,41.6
956,161,816221665,1,1,22,40,80,102,113,71.4
957,161,816232617,1,1,13,35,55,79,103,57.00000000000001
958,161,816236142,1,1,13,18,37,64,99,46.2
959,161,815726649,1,1,18,36,84,108,159,81.0
960,161,815928660,1,1,11,20,53,77,101,52.400000000000006
961,161,815960014,1,0,0,0,6,15,45,13.2
962,161,816230264,1,1,8,20,57,87,104,55.2
963,161,816232570,1,1,12,31,55,85,98,56.2
964,161,816234490,1,1,13,19,41,69,108,50.0
965,161,815725620,1,1,12,18,50,70,87,47.400000000000006
966,161,815732272,1,1,12,21,43,69,117,52.400000000000006
967,161,816221506,1,1,6,13,50,66,111,49.2
968,161,816227776,1,1,18,36,67,90,128,67.80000000000001
969,161,816232554,1,1,19,37,77,113,143,77.80000000000001
970,161,815938776,1,1,11,32,57,86,133,63.800000000000004
971,161,815943102,1,0,22,50,69,107,129,75.4
972,161,816216457,1,1,10,15,46,82,132,57.0
973,161,816216569,1,1,6,30,75,93,128,66.4
974,161,816221469,1,1,15,34,53,82,106,58.00000000000001
975,161,816227244,1,1,2,31,46,70,113,52.400000000000006
976,161,816232627,1,1,15,25,64,90,121,63.0
977,161,816236565,1,1,13,26,80,99,130,69.6
978,161,815953997,1,0,9,32,56,86,113,59.2
979,161,816219116,1,1,12,37,81,109,163,80.4
980,161,817130014,1,1,19,53,92,111,124,79.80000000000001
981,161,815929445,1,1,14,30,67,93,113,63.400000000000006
982,161,815944949,1,1,13,24,40,61,106,48.800000000000004
983,161,815950907,1,1,13,25,49,68,84,47.8
984,161,815959146,1,1,8,27,60,99,130,64.8
985,161,816217702,1,1,27,51,79,109,136,80.4
986,161,816221602,1,1,11,29,53,88,123,60.800000000000004
987,161,816221745,1,1,21,43,79,100,128,74.2
988,161,816232525,1,1,20,38,80,89,125,70.4
989,161,817129610,1,1,11,25,49,59,84,45.6
990,161,815928440,1,0,14,35,47,76,106,55.60000000000001
991,161,815928670,1,1,28,45,69,104,118,72.80000000000001
992,161,816220075,1,0,7,16,37,56,90,41.2
993,161,816221527,1,1,16,32,80,114,158,80.0
994,161,816221941,1,1,19,42,85,115,159,84.0
995,161,816231911,1,1,24,31,68,82,124,65.8
996,161,816236552,1,0,1,23,56,86,113,55.800000000000004
997,161,817120561,1,0,0,0,10,45,75,26.0
998,161,815725216,1,1,21,34,62,99,132,69.60000000000001
999,161,815732540,1,0,15,38,57,89,135,66.8
1000,161,817119655,1,1,17,33,62,78,117,61.400000000000006
1001,161,817130195,1,1,16,31,48,61,85,48.2
1002,161,815726221,1,1,7,21,49,76,83,47.2
1003,161,815732991,1,1,3,26,60,95,121,61.0
1004,161,816221502,1,1,8,24,51,65,90,47.6
1005,161,816221522,1,1,8,26,43,51,61,37.800000000000004
1006,161,816234414,1,1,14,36,60,68,81,51.8
1007,161,816236549,1,1,10,26,53,91,113,58.6
1008,161,816236976,1,1,5,34,64,88,126,63.400000000000006
1009,161,815727722,1,1,24,32,63,91,120,66.0
1010,161,815732446,1,1,6,7,54,83,132,56.400000000000006
1011,161,815929072,1,1,20,37,69,93,141,72.0
1012,161,815932010,1,1,3,20,51,77,114,53.0
1013,161,816232692,1,1,17,33,58,94,115,63.400000000000006
1014,161,816236172,1,1,11,28,66,94,119,63.599999999999994
1015,161,817119707,1,1,20,40,65,91,129,69.0
1016,161,817128605,1,0,12,34,51,85,132,62.80000000000001
1017,161,817131440,1,1,21,30,54,88,118,62.2
1018,161,815724992,1,1,16,31,68,107,129,70.2
1019,161,815732490,1,1,17,36,70,93,143,71.80000000000001
1020,161,816222005,1,1,4,15,51,72,123,53.0
1021,161,816222411,1,1,24,42,79,120,157,84.4
1022,161,816232540,1,1,0,0,18,51,70,27.8
1023,161,817120002,1,1,6,13,49,74,102,48.800000000000004
1024,161,815957055,1,1,16,32,69,95,145,71.4
1025,161,815960077,1,1,11,12,43,58,85,41.8
1026,161,816216516,1,1,10,24,54,75,110,54.6
1027,161,816221744,1,1,11,24,50,69,94,49.6
1028,161,816228074,1,1,12,29,57,90,115,60.6
1029,161,817120570,1,0,16,34,43,59,107,51.800000000000004
1030,161,815931072,1,1,24,35,78,99,131,73.4
1031,161,815931524,1,1,10,33,60,84,125,62.400000000000006
1032,161,816222450,1,0,13,24,41,56,98,46.400000000000006
1033,161,816222464,1,1,22,37,75,90,117,68.2
1034,161,816231720,1,1,18,25,61,98,127,65.80000000000001
1035,161,816233924,1,1,10,35,61,87,137,66.00000000000001
1036,161,816234264,1,1,12,23,42,75,116,53.60000000000001
1037,161,816236059,1,1,2,7,29,44,59,28.200000000000003
1038,161,815733016,1,1,15,33,58,84,125,63.0
1039,161,815953574,1,1,7,14,42,57,71,38.2
1040,161,816215100,1,1,17,26,52,66,97,51.60000000000001
1041,161,816220546,1,1,11,28,72,91,132,66.80000000000001
1042,161,816233467,1,1,18,27,55,77,119,59.2
1043,161,816233690,1,1,12,32,47,81,120,58.400000000000006
1044,161,817127741,1,1,23,38,78,100,136,75.0
1045,161,817129560,1,0,20,31,53,67,94,53.0
1046,161,815726199,1,1,19,35,63,88,108,62.6
1047,161,815939250,1,1,9,29,62,97,128,65.0
1048,161,815955779,1,0,0,0,0,0,1,0.2
1049,161,816230466,1,1,10,16,45,69,107,49.400000000000006
1050,161,816231722,1,1,18,22,62,85,112,59.8
1051,161,816233664,1,1,15,34,64,95,133,68.2
1052,161,816237069,1,1,17,31,46,65,91,50.0
1053,161,815725645,1,1,9,27,39,68,97,48.0
1054,161,815726662,1,1,12,35,77,92,120,67.2
1055,161,815931615,1,1,13,29,46,67,93,49.6
1056,161,816231905,1,1,15,24,61,82,127,61.80000000000001
1057,161,816233697,1,1,13,32,65,89,112,62.2
1058,161,816234074,1,0,0,0,0,1,40,8.2
1059,161,817120097,1,1,28,42,66,84,117,67.4
1060,161,815927705,1,1,6,26,47,66,84,45.8
1061,161,815932214,1,0,8,16,22,33,49,25.6
1062,161,815950167,1,1,6,18,59,83,113,55.800000000000004
1063,161,816220541,1,1,8,11,48,59,97,44.60000000000001
1064,161,816231791,1,1,29,44,69,96,133,74.20000000000002
1065,161,816232079,1,1,21,36,71,106,134,73.60000000000001
1066,161,816233956,1,0,24,33,33,50,64,40.800000000000004
1067,161,816231705,1,1,24,56,80,105,142,81.4
1068,161,816232496,1,1,14,28,66,102,138,69.6
1069,161,816236694,1,1,6,32,75,102,146,72.2
1070,161,817120146,1,1,14,28,62,82,125,62.2
1071,161,817128042,1,1,11,26,66,98,135,67.2
1072,161,815955076,1,1,17,36,44,73,98,53.6
1073,161,816217272,1,1,3,24,50,90,120,57.4
1074,161,816228107,1,1,12,30,62,91,116,62.2
1075,161,816230455,1,1,13,23,62,106,146,70.0
1076,161,816234221,1,1,18,20,39,59,78,42.800000000000004
1077,161,815725591,1,1,0,5,46,54,80,37.0
1078,161,815929422,1,1,10,19,55,80,124,57.599999999999994
1079,161,815960906,1,1,17,35,57,86,106,60.2
1080,161,816221044,1,1,8,24,36,61,104,46.60000000000001
1081,161,816221909,1,1,13,23,54,80,110,56.0
1082,161,816225767,1,1,19,29,74,97,127,69.2
1083,161,816234224,1,0,0,0,0,0,1,0.2
1084,161,816236610,1,1,0,17,62,72,102,50.60000000000001
1085,161,816236690,1,1,8,24,60,96,142,66.0
1086,161,817128010,1,1,9,17,59,92,123,60.00000000000001
1087,161,817129622,1,1,0,3,11,41,51,21.200000000000003
1088,161,815928955,1,0,7,21,37,57,93,43.0
1089,161,815932522,1,1,17,39,46,84,121,61.400000000000006
1090,161,815957061,1,1,22,40,83,96,121,72.4
1091,161,815957122,1,1,22,31,67,91,121,66.4
1092,161,816230211,1,1,14,34,75,107,165,79.0
1093,161,816231909,1,1,9,34,56,101,140,68.0
1094,161,817119429,1,1,8,22,52,70,100,50.4
1095,161,815728162,1,1,3,4,11,20,47,17.0
1096,161,816218452,1,1,12,22,27,53,67,36.2
1097,161,816221961,1,1,17,37,75,107,141,75.4
1098,161,817120211,1,1,9,14,37,44,67,34.2
1099,161,815732500,1,0,0,0,9,25,47,16.2
1100,161,815733145,1,1,19,40,60,85,113,63.4
1101,161,815932561,1,1,18,44,71,77,109,63.8
1102,161,816216464,1,1,17,23,43,72,113,53.6
1103,161,815726450,1,1,15,18,41,53,61,37.6
1104,161,815931617,1,0,13,48,58,72,104,59.0
1105,161,816221611,1,1,8,30,60,79,114,58.2
1106,161,816232576,1,0,19,38,59,85,117,63.60000000000001
1107,161,816233404,1,1,13,36,61,81,106,59.400000000000006
1108,161,816234170,1,1,1,9,24,37,61,26.400000000000002
1109,161,815955156,1,1,6,15,38,54,101,42.800000000000004
1110,161,815958120,1,1,5,20,45,75,128,54.6
1111,161,816218441,1,1,13,32,50,81,127,60.60000000000001
1112,161,816218461,1,1,11,18,35,61,86,42.2
1113,161,816227240,1,1,13,26,55,74,103,54.2
1114,161,816231511,1,1,11,25,39,39,41,31.0
1115,161,816232664,1,1,19,31,62,100,152,72.8
1116,161,817119750,1,1,13,31,63,80,129,63.2
1117,161,817129974,1,0,0,0,0,7,40,9.4
1118,161,816234164,1,1,16,36,71,95,120,67.6
1119,161,817120671,1,1,4,13,56,60,83,43.2
1120,161,817131400,1,0,13,32,57,83,122,61.400000000000006
1121,161,815932704,1,1,19,26,61,83,110,59.800000000000004
1122,161,815957175,1,1,10,27,54,85,131,61.400000000000006
1123,161,816218592,1,1,19,34,57,95,136,68.2
1124,161,816233710,1,1,18,40,79,108,130,75.0
1125,161,816234210,1,1,19,47,82,115,133,79.2
1126,161,816236645,1,1,16,23,42,76,97,50.80000000000001
1127,161,817119611,1,1,6,16,45,70,102,47.8
1128,161,815932502,1,1,11,15,33,59,93,42.2
1129,161,816223024,1,1,18,49,69,95,131,72.4
1130,161,816231749,1,1,23,35,66,105,115,68.80000000000001
1131,161,816236054,1,1,18,36,70,93,122,67.80000000000001
1132,161,817130604,1,1,13,33,70,103,144,72.60000000000001
1133,161,815928992,1,1,16,31,56,80,120,60.6
1134,161,815959929,1,1,12,22,60,69,114,55.400000000000006
1135,161,816218564,1,1,15,22,65,94,136,66.4
1136,161,816223169,1,1,9,35,71,97,127,67.80000000000001
1137,161,816232209,1,1,11,26,70,107,141,71.0
1138,161,816236224,1,1,16,24,59,95,116,62.0
1139,161,816236679,1,1,6,22,27,33,59,29.400000000000002
1140,161,817128661,1,1,7,14,42,71,104,47.60000000000001
1141,161,815717170,1,0,9,22,36,60,80,41.4
1142,161,816218429,1,1,2,10,31,64,96,40.6
1143,161,816218594,1,1,4,10,40,55,64,34.6
1144,161,816219414,1,1,26,45,83,111,133,79.6
1145,161,816221604,1,1,10,37,83,113,137,76.0
1146,161,816221971,1,1,10,10,47,88,122,55.400000000000006
1147,161,816233605,1,1,5,21,50,68,87,46.2
1148,161,816235717,1,1,4,31,56,74,95,52.0
1149,161,817129697,1,1,8,23,33,64,97,45.0
1150,161,815959996,1,1,15,31,53,88,128,63.00000000000001
1151,161,817120771,1,0,0,0,12,35,75,24.4
1152,161,815959914,1,1,10,27,51,64,77,45.800000000000004
1153,161,816223167,1,1,19,43,83,103,137,77.0
1154,161,817119624,1,1,16,33,64,91,134,67.6
1155,161,815951520,1,1,12,25,56,74,93,52.00000000000001
1156,161,816218202,1,1,11,29,59,82,90,54.2
1157,161,816228775,1,0,3,15,25,32,40,23.0
1158,161,816232624,1,1,11,30,62,93,126,64.4
1159,161,816233655,1,1,23,35,72,103,125,71.6
1160,161,815954924,1,1,4,7,27,48,77,32.6
1161,161,817119921,1,1,6,23,49,57,83,43.6
1162,161,817128971,1,1,8,15,54,82,120,55.800000000000004
1163,161,817129592,1,1,13,26,56,77,98,54.0
1164,161,815726695,1,1,14,27,61,75,116,58.60000000000001
1165,161,815927667,1,1,22,43,81,123,157,85.2
1166,161,816223177,1,1,27,45,72,97,136,75.4
1167,161,816228914,1,1,23,35,49,61,109,55.400000000000006
1168,161,816234024,1,1,9,20,35,44,57,33.0
1169,161,815728565,1,0,7,9,15,15,15,12.2
1170,161,816222027,1,1,10,22,46,96,120,58.800000000000004
1171,161,816228961,1,1,13,33,71,100,134,70.2
1172,161,816231756,1,1,8,37,59,93,114,62.2
1173,161,816231770,1,1,8,36,66,87,126,64.60000000000001
1174,161,816232049,1,0,16,27,44,75,84,49.2
1175,161,816233967,1,1,3,15,65,80,111,54.800000000000004
1176,161,816233994,1,1,16,22,41,58,80,43.400000000000006
1177,161,817120741,1,1,14,38,58,81,103,58.800000000000004
1178,161,817127719,1,1,12,12,36,56,86,40.400000000000006
1179,161,815733095,1,0,9,10,10,10,35,14.8
1180,161,815928741,1,0,19,35,46,76,112,57.60000000000001
1181,161,815931601,1,1,8,30,54,74,96,52.400000000000006
1182,161,816222940,1,1,4,12,41,75,112,48.800000000000004
1183,161,816227694,1,1,17,27,41,65,105,51.0
1184,161,816229007,1,0,16,41,67,91,112,65.4
1185,161,816231229,1,1,14,32,58,83,102,57.80000000000001
1186,161,816231910,1,0,22,32,47,73,111,57.00000000000001
1187,161,816234440,1,0,24,55,83,124,151,87.4
1188,161,815728120,1,1,5,30,50,69,105,51.8
1189,161,815929097,1,1,14,29,59,92,134,65.60000000000001
1190,161,816216505,1,1,11,24,52,71,100,51.6
1191,161,816221554,1,1,7,18,49,68,111,50.60000000000001
1192,161,816234606,1,1,18,37,57,87,119,63.599999999999994
1193,161,816235765,1,1,8,9,45,63,86,42.2
1194,161,817130511,1,1,9,28,38,74,101,50.0
1195,161,815957064,1,1,9,28,80,108,124,69.8
1196,161,816219442,1,1,8,20,51,74,119,54.400000000000006
1197,161,816221600,1,1,15,33,46,81,106,56.2
1198,161,816222446,1,1,13,28,48,66,83,47.60000000000001
1199,161,816228910,1,0,10,26,42,72,107,51.400000000000006
1200,161,816230151,1,1,13,25,70,106,145,71.80000000000001
1201,161,816232690,1,1,8,22,56,81,113,56.00000000000001
1202,161,816233476,1,1,17,47,70,87,120,68.2
1203,161,816233766,1,0,20,37,47,59,80,48.6
1204,161,816234405,1,1,16,39,75,81,101,62.400000000000006
1205,161,815720514,1,1,5,13,35,51,85,37.8
1206,161,815950144,1,1,20,46,91,123,164,88.80000000000001
1207,161,815725919,1,1,10,22,59,79,91,52.2
1208,161,815941156,1,1,13,24,55,80,91,52.599999999999994
1209,161,815959904,1,1,9,29,57,74,102,54.2
1210,161,816221509,1,0,0,0,0,3,30,6.6
1211,161,816222004,1,1,6,10,27,55,95,38.6
1212,161,816227699,1,1,12,19,45,70,83,45.800000000000004
1213,161,816230917,1,1,12,37,62,81,115,61.400000000000006
1214,161,816236067,1,0,11,30,46,70,95,50.4
1215,161,817119959,1,1,22,37,54,79,101,58.60000000000001
1216,161,817128900,1,1,16,22,53,80,90,52.2
1217,161,817130150,1,1,16,39,68,88,128,67.80000000000001
1218,161,815928414,1,1,10,30,66,89,118,62.6
1219,161,815928415,1,1,13,24,57,87,128,61.800000000000004
1220,161,815943056,1,1,13,44,69,89,128,68.6
1221,161,816223114,1,1,5,26,35,64,95,45.0
1222,161,816223192,1,1,16,44,68,90,129,69.4
1223,161,816231792,1,1,7,29,53,96,136,64.20000000000002
1224,161,816234452,1,1,8,32,58,89,119,61.2
1225,161,817120200,1,1,8,24,60,86,110,57.599999999999994
1226,161,817123901,1,1,10,25,61,75,95,53.2
1227,161,817130210,1,1,7,20,36,59,87,41.800000000000004
1228,161,817130919,1,0,20,38,62,95,126,68.2
1229,161,815726056,1,0,0,0,0,1,19,4.0
1230,161,815726169,1,1,6,22,46,49,63,37.2
1231,161,815954604,1,1,18,45,70,99,124,71.2
1232,161,815960471,1,1,9,32,62,88,111,60.400000000000006
1233,161,816228622,1,1,15,38,61,92,128,66.80000000000001
1234,161,815950249,1,1,2,12,36,52,59,32.2
1235,161,816216491,1,1,23,35,61,94,126,67.80000000000001
1236,161,816231759,1,0,0,0,0,0,20,4.0
1237,161,816232497,1,1,24,38,57,70,98,57.400000000000006
1238,161,817120062,1,1,8,16,38,67,104,46.60000000000001
1239,161,817131206,1,1,6,16,45,81,121,53.800000000000004
1240,161,815717147,1,1,6,19,54,74,107,52.0
1241,161,815932076,1,0,10,26,53,79,104,54.400000000000006
1242,161,815934004,1,1,7,18,41,54,94,42.8
1243,161,816221640,1,1,12,30,66,88,107,60.60000000000001
1244,161,816223112,1,1,10,39,82,112,141,76.80000000000001
1245,161,816237016,1,1,3,38,55,72,121,57.800000000000004
1246,161,817119050,1,1,12,36,49,87,129,62.60000000000001
1247,161,815928065,1,1,14,38,71,92,109,64.8
1248,161,816221610,1,0,12,37,51,80,103,56.6
1249,161,816221671,1,1,14,25,56,78,114,57.400000000000006
1250,161,816232600,1,0,16,36,54,80,125,62.2
1251,161,816236271,1,1,0,10,31,42,66,29.800000000000004
1252,161,816236900,1,1,15,43,73,95,106,66.4
1253,161,815928579,1,1,10,27,48,52,68,41.0
1254,161,815932070,1,1,15,30,49,68,94,51.2
1255,161,815958252,1,1,7,16,47,72,93,47.0
1256,161,816234014,1,1,13,22,38,58,78,41.800000000000004
1257,161,817131601,1,1,21,39,78,92,115,69.0
1258,161,815725226,1,1,9,28,53,70,101,52.2
1259,161,816218545,1,1,9,24,47,71,83,46.800000000000004
1260,161,816230262,1,1,18,50,67,86,121,68.4
1261,161,816235101,1,1,15,22,44,59,96,47.2
1262,161,817120090,1,1,15,17,62,83,117,58.80000000000001
1263,161,817131650,1,1,5,19,38,42,82,37.2
